[30Sep2026 11:52:11.673] [main/INFO] [net.neoforged.fml.startup.Entrypoint/]: JVM Uptime at startup: 72ms
[30Sep2026 11:52:11.684] [main/INFO] [net.neoforged.fml.loading.FMLLoader/]: Starting FancyModLoader version 11.0.13 (CLIENT in DEV)
[30Sep2026 11:52:11.684] [main/INFO] [net.neoforged.fml.loading.FMLLoader/]: Game directory: /Users/martijn/Organized/Hobbies/Games/Minecraft/Fiddle/Fiddle/spoutcraft/neoforge/run
[30Sep2026 11:52:11.711] [main/INFO] [net.neoforged.fml.loading.EarlyServiceDiscovery/]: Found 2 early service jars (out of 102) in 13ms
[30Sep2026 11:52:11.711] [main/INFO] [net.neoforged.fml.loading.FMLLoader/]: Loading FML Early Services:
[30Sep2026 11:52:11.712] [main/INFO] [net.neoforged.fml.loading.FMLLoader/]:  - /Users/martijn/.gradle/caches/modules-2/files-2.1/net.neoforged.fancymodloader/loader/11.0.13/c9c89eaf35535990110088224d188748d81eaecf/loader-11.0.13.jar
[30Sep2026 11:52:11.712] [main/INFO] [net.neoforged.fml.loading.FMLLoader/]:  - /Users/martijn/.gradle/caches/modules-2/files-2.1/net.neoforged.fancymodloader/earlydisplay/11.0.13/491a1bedecb33802fa118cae384b60f91f6f0241/earlydisplay-11.0.13.jar
[30Sep2026 11:52:11.714] [main/INFO] [net.neoforged.fml.loading.ImmediateWindowHandler/]: Loading ImmediateWindowProvider fmlearlywindow
[30Sep2026 11:52:12.526] [main/WARN] [EARLYDISPLAY/]: Failed to set window icon: [0x1000C] Cocoa: Regular windows do not have icons on macOS
[30Sep2026 11:52:12.828] [ForkJoinPool.commonPool-worker-5/INFO] [net.neoforged.fml.loading.moddiscovery.locators.GameLocator/]: Detected a joined NeoForge and Minecraft configuration. Applying filtering...
[30Sep2026 11:52:12.907] [fml-loadingscreen/INFO] [net.neoforged.fml.earlydisplay.render.LoadingScreenRenderer/]: GL info: Apple M4 Pro GL version 4.1 Metal - 91.7, Apple
[30Sep2026 11:52:13.020] [ForkJoinPool.commonPool-worker-5/INFO] [net.neoforged.fml.loading.moddiscovery.locators.InDevFolderLocator/CORE]: Got mod coordinates spoutcraft%%/Users/martijn/Organized/Hobbies/Games/Minecraft/Fiddle/Fiddle/spoutcraft/neoforge/build/classes/java/main:spoutcraft%%/Users/martijn/Organized/Hobbies/Games/Minecraft/Fiddle/Fiddle/spoutcraft/neoforge/build/resources/main from env
[30Sep2026 11:52:13.260] [ForkJoinPool.commonPool-worker-5/INFO] [net.neoforged.fml.loading.moddiscovery.locators.JarInJarDependencyLocator/]: Found 2 dependencies adding them to mods collection
[30Sep2026 11:52:13.262] [ForkJoinPool.commonPool-worker-5/INFO] [net.neoforged.fml.loading.moddiscovery.ModDiscoverer/]: 
     Mod List:
		Name Version (Mod Id)

		Minecraft 26.1.2 (minecraft)
		NeoForge 26.1.2.76 (neoforge)
		Spoutcraft 1.15-SNAPSHOT (spoutcraft)
[30Sep2026 11:52:13.596] [main/INFO] [mixin/]: SpongePowered MIXIN Subsystem Version=0.8.7 Source=file:/Users/martijn/.gradle/caches/modules-2/files-2.1/net.fabricmc/sponge-mixin/0.17.3+mixin.0.8.7/41c4a3984a80f4679e759fb9f495587acc5cdac7/sponge-mixin-0.17.3+mixin.0.8.7.jar Service=FML Env=CLIENT
[30Sep2026 11:52:13.640] [main/INFO] [mixin/]: Attempting to load Fernflower decompiler (Threaded mode)
[30Sep2026 11:52:13.641] [main/INFO] [mixin/]: Fernflower could not be loaded, exported classes will not be decompiled. NoClassDefFoundError: org/jetbrains/java/decompiler/main/extern/IResultSaver
[30Sep2026 11:52:13.646] [main/INFO] [net.neoforged.fml.loading.FMLLoader/]: Loading FML Plugins:
[30Sep2026 11:52:13.647] [main/INFO] [net.neoforged.fml.loading.FMLLoader/]:  - /Users/martijn/.gradle/caches/modules-2/files-2.1/net.neoforged/neoforge/26.1.2.76/59698648bc6caf1cc19ec4dca4441ff3436c0253/neoforge-26.1.2.76-universal.jar > net.neoforged.neoforge-coremods-26.1.2.76.jar
[30Sep2026 11:52:13.704] [main/INFO] [net.neoforged.fml.loading.FMLLoader/]: Building game content classloader:
 - minecraft (composite(filtered(jar(/Users/martijn/Organized/Hobbies/Games/Minecraft/Fiddle/Fiddle/spoutcraft/neoforge/build/moddev/artifacts/minecraft-patched-26.1.2.76.jar)), filtered(jar(/Users/martijn/Organized/Hobbies/Games/Minecraft/Fiddle/Fiddle/spoutcraft/neoforge/build/moddev/artifacts/minecraft-patched-26.1.2.76.jar))))
 - mixinextras.neoforge (jar(/Users/martijn/.gradle/caches/modules-2/files-2.1/net.neoforged/neoforge/26.1.2.76/59698648bc6caf1cc19ec4dca4441ff3436c0253/neoforge-26.1.2.76-universal.jar > mixinextras-neoforge-0.5.4.jar))
 - neoforge (composite(filtered(jar(/Users/martijn/.gradle/caches/modules-2/files-2.1/net.neoforged/neoforge/26.1.2.76/59698648bc6caf1cc19ec4dca4441ff3436c0253/neoforge-26.1.2.76-universal.jar))))
 - net.neoforged.fml.generated (empty(VirtualJar/net.neoforged.fml.generated))
 - spoutcraft (composite(folder(/Users/martijn/Organized/Hobbies/Games/Minecraft/Fiddle/Fiddle/spoutcraft/neoforge/build/classes/java/main), folder(/Users/martijn/Organized/Hobbies/Games/Minecraft/Fiddle/Fiddle/spoutcraft/neoforge/build/resources/main)))
[30Sep2026 11:52:13.713] [main/INFO] [net.neoforged.fml.loading.FMLLoader/]: Built game content classloader in 14ms
[30Sep2026 11:52:13.761] [main/WARN] [mixin/]: Compatibility level JAVA_25 specified by spoutcraft.spout.clientui.resourcepack.loadingoverlay.mixins.json is higher than the maximum level supported by this version of mixin (JAVA_13).
[30Sep2026 11:52:13.762] [main/INFO] [mixin/]: Compatibility level set to JAVA_25
[30Sep2026 11:52:13.785] [main/INFO] [mixin/]: Preparing mixins for MixinEnvironment[DEFAULT]
[30Sep2026 11:52:13.785] [main/INFO] [mixin/]: Selecting config spoutcraft.spout.clientui.resourcepack.loadingoverlay.mixins.json
[30Sep2026 11:52:13.788] [main/INFO] [mixin/]: Selecting config spoutcraft.spout.clientui.resourcepack.toast.mixins.json
[30Sep2026 11:52:13.788] [main/INFO] [mixin/]: Selecting config spoutcraft.spout.clientview.clientmod.protocol.mixins.json
[30Sep2026 11:52:13.788] [main/INFO] [mixin/]: Selecting config spoutcraft.spout.clientview.clientmod.registryidmapping.mixins.json
[30Sep2026 11:52:13.789] [main/INFO] [mixin/]: Selecting config spoutcraft.spout.gamecontent.datadriven.block.mixins.json
[30Sep2026 11:52:13.789] [main/INFO] [mixin/]: Selecting config spoutcraft.spout.gamecontent.datadriven.block.subtypes.mixins.json
[30Sep2026 11:52:13.789] [main/INFO] [mixin/]: Selecting config spoutcraft.spout.gamecontent.datadriven.blockentity.mixins.json
[30Sep2026 11:52:13.789] [main/INFO] [mixin/]: Selecting config spoutcraft.spout.gamecontent.datadriven.blocktype.mixins.json
[30Sep2026 11:52:13.790] [main/INFO] [mixin/]: Selecting config spoutcraft.spout.gamecontent.datadriven.common.registry.codec.mixins.json
[30Sep2026 11:52:13.790] [main/INFO] [mixin/]: Selecting config spoutcraft.spout.gamecontent.datadriven.common.registry.temporarymodification.mixins.json
[30Sep2026 11:52:13.790] [main/INFO] [mixin/]: Selecting config spoutcraft.spout.gamecontent.datadriven.item.mixins.json
[30Sep2026 11:52:13.790] [main/INFO] [mixin/]: Selecting config spoutcraft.spout.gamecontent.datadriven.mixins.json
[30Sep2026 11:52:13.790] [main/INFO] [mixin/]: Selecting config neoforge.mixins.json
[30Sep2026 11:52:13.791] [main/INFO] [mixin/]: Selecting config mixinextras.init.mixins.json
[30Sep2026 11:52:13.871] [main/INFO] [mixin/]: Preparing spoutcraft.spout.clientui.resourcepack.loadingoverlay.mixins.json (5)
[30Sep2026 11:52:13.967] [main/INFO] [mixin/]: Preparing spoutcraft.spout.clientui.resourcepack.toast.mixins.json (1)
[30Sep2026 11:52:13.970] [main/INFO] [mixin/]: Preparing spoutcraft.spout.clientview.clientmod.protocol.mixins.json (8)
[30Sep2026 11:52:14.007] [main/INFO] [mixin/]: Preparing spoutcraft.spout.clientview.clientmod.registryidmapping.mixins.json (1)
[30Sep2026 11:52:14.009] [main/INFO] [mixin/]: Preparing spoutcraft.spout.gamecontent.datadriven.block.mixins.json (5)
[30Sep2026 11:52:14.025] [main/INFO] [mixin/]: Preparing spoutcraft.spout.gamecontent.datadriven.block.subtypes.mixins.json (1)
[30Sep2026 11:52:14.029] [main/INFO] [mixin/]: Preparing spoutcraft.spout.gamecontent.datadriven.blockentity.mixins.json (1)
[30Sep2026 11:52:14.034] [main/INFO] [mixin/]: Preparing spoutcraft.spout.gamecontent.datadriven.blocktype.mixins.json (1)
[30Sep2026 11:52:14.037] [main/INFO] [mixin/]: Preparing spoutcraft.spout.gamecontent.datadriven.common.registry.codec.mixins.json (1)
[30Sep2026 11:52:14.037] [main/INFO] [mixin/]: Preparing spoutcraft.spout.gamecontent.datadriven.common.registry.temporarymodification.mixins.json (3)
[30Sep2026 11:52:14.039] [main/INFO] [mixin/]: Preparing spoutcraft.spout.gamecontent.datadriven.item.mixins.json (6)
[30Sep2026 11:52:14.053] [main/INFO] [mixin/]: Preparing spoutcraft.spout.gamecontent.datadriven.mixins.json (1)
[30Sep2026 11:52:14.059] [main/INFO] [mixin/]: Preparing neoforge.mixins.json (2)
[30Sep2026 11:52:14.060] [main/INFO] [mixin/]: Preparing mixinextras.init.mixins.json (0)
[30Sep2026 11:52:14.069] [main/INFO] [mixin/]: Prepared 36 mixins in 0.283 sec (7.9ms avg) (0ms load, 0ms transform, 0ms plugin)
[30Sep2026 11:52:14.126] [main/INFO] [MixinExtras|Service/]: Initializing MixinExtras via com.llamalad7.mixinextras.service.MixinExtrasServiceImpl(version=0.5.4).
[30Sep2026 11:52:14.136] [main/INFO] [mixin/]: Mixing MapIdsByteBufCodecsMixin from spoutcraft.spout.clientview.clientmod.registryidmapping.mixins.json into net.minecraft.network.codec.ByteBufCodecs
[30Sep2026 11:52:15.345] [Datafixer Bootstrap/INFO] [com.mojang.datafixers.DataFixerBuilder/]: 294 Datafixer optimizations took 550 milliseconds
[30Sep2026 11:52:15.461] [pool-8-thread-1/INFO] [mixin/]: Mixing IncludeSpoutBootstrapBuiltInRegistriesMixin from spoutcraft.spout.gamecontent.datadriven.mixins.json into net.minecraft.core.registries.BuiltInRegistries
[30Sep2026 11:52:15.477] [pool-8-thread-1/INFO] [mixin/]: Mixing MirrorMinecraftBlockTypeRegistryMappedRegistryMixin from spoutcraft.spout.gamecontent.datadriven.blocktype.mixins.json into net.minecraft.core.MappedRegistry
[30Sep2026 11:52:15.478] [pool-8-thread-1/INFO] [mixin/]: Mixing CacheByNameCodecMappedRegistryMixin from spoutcraft.spout.gamecontent.datadriven.common.registry.codec.mixins.json into net.minecraft.core.MappedRegistry
[30Sep2026 11:52:15.479] [pool-8-thread-1/INFO] [mixin/]: Mixing MappedRegistryAccessor from spoutcraft.spout.gamecontent.datadriven.common.registry.temporarymodification.mixins.json into net.minecraft.core.MappedRegistry
[30Sep2026 11:52:15.481] [pool-8-thread-1/INFO] [mixin/]: Mixing MappedRegistryAccessor from neoforge.mixins.json into net.minecraft.core.MappedRegistry
[30Sep2026 11:52:15.495] [pool-8-thread-1/INFO] [mixin/]: Mixing DataComponentInitializersAccessor from spoutcraft.spout.gamecontent.datadriven.item.mixins.json into net.minecraft.core.component.DataComponentInitializers
[30Sep2026 11:52:15.535] [pool-8-thread-1/INFO] [mixin/]: Mixing BlockCodecAccessorBlockMixin from spoutcraft.spout.gamecontent.datadriven.block.mixins.json into net.minecraft.world.level.block.Block
[30Sep2026 11:52:15.541] [pool-8-thread-1/INFO] [mixin/]: Mixing BlockBehaviourMaxVerticalOffsetAccessorBlockBehaviourMixin from spoutcraft.spout.gamecontent.datadriven.block.subtypes.mixins.json into net.minecraft.world.level.block.state.BlockBehaviour
[30Sep2026 11:52:15.600] [pool-8-thread-1/INFO] [mixin/]: Mixing ReplaceBlockBehaviourPropertiesCodecMixin from spoutcraft.spout.gamecontent.datadriven.block.mixins.json into net.minecraft.world.level.block.state.BlockBehaviour$Properties
[30Sep2026 11:52:15.601] [pool-8-thread-1/WARN] [mixin/]: Write access to @Mutable @Final field CODEC:Lcom/mojang/serialization/Codec; in spoutcraft.spout.gamecontent.datadriven.block.mixins.json:ReplaceBlockBehaviourPropertiesCodecMixin from mod spoutcraft::handler$zzn000$spoutcraft$spout$replaceCodec
[30Sep2026 11:52:15.607] [pool-8-thread-1/INFO] [mixin/]: Mixing MapBlockStateRegistryIdsIdMapperMixin from spoutcraft.spout.gamecontent.datadriven.block.mixins.json into net.minecraft.core.IdMapper
[30Sep2026 11:52:15.608] [pool-8-thread-1/INFO] [mixin/]: Mixing IdMapperAccessor from spoutcraft.spout.gamecontent.datadriven.common.registry.temporarymodification.mixins.json into net.minecraft.core.IdMapper
[30Sep2026 11:52:15.794] [pool-8-thread-1/INFO] [mixin/]: Mixing UseFormattedBlockStateCodecWeatheringCopperStairBlockMixin from spoutcraft.spout.gamecontent.datadriven.block.mixins.json into net.minecraft.world.level.block.WeatheringCopperStairBlock
[30Sep2026 11:52:15.796] [pool-8-thread-1/WARN] [mixin/]: Write access to @Mutable @Final field CODEC:Lcom/mojang/serialization/MapCodec; in spoutcraft.spout.gamecontent.datadriven.block.mixins.json:UseFormattedBlockStateCodecWeatheringCopperStairBlockMixin from mod spoutcraft::handler$zzp002$spoutcraft$spout$replaceCodec
[30Sep2026 11:52:15.798] [pool-8-thread-1/INFO] [mixin/]: Mixing UseFormattedBlockStateCodecStairBlockMixin from spoutcraft.spout.gamecontent.datadriven.block.mixins.json into net.minecraft.world.level.block.StairBlock
[30Sep2026 11:52:15.798] [pool-8-thread-1/WARN] [mixin/]: Write access to @Mutable @Final field CODEC:Lcom/mojang/serialization/MapCodec; in spoutcraft.spout.gamecontent.datadriven.block.mixins.json:UseFormattedBlockStateCodecStairBlockMixin from mod spoutcraft::handler$zzo001$spoutcraft$spout$replaceCodec
[30Sep2026 11:52:16.010] [pool-8-thread-1/INFO] [mixin/]: Mixing BlockEntityTypeDataDrivenValidBlocksMixin from spoutcraft.spout.gamecontent.datadriven.blockentity.mixins.json into net.minecraft.world.level.block.entity.BlockEntityType
[30Sep2026 11:52:16.010] [pool-8-thread-1/INFO] [mixin/]: Mixing BlockEntityTypeAccessor from neoforge.mixins.json into net.minecraft.world.level.block.entity.BlockEntityType
[30Sep2026 11:52:16.770] [pool-8-thread-1/INFO] [mixin/]: Mixing ItemTypeDecoratorItemMixin from spoutcraft.spout.gamecontent.datadriven.item.mixins.json into net.minecraft.world.item.Item
[30Sep2026 11:52:16.773] [pool-8-thread-1/INFO] [mixin/]: Mixing ItemTypeDecoratorBlockItemMixin from spoutcraft.spout.gamecontent.datadriven.item.mixins.json into net.minecraft.world.item.BlockItem
[30Sep2026 11:52:16.779] [pool-8-thread-1/INFO] [mixin/]: Mixing ItemPropertiesSerializationDecoratorItemPropertiesMixin from spoutcraft.spout.gamecontent.datadriven.item.mixins.json into net.minecraft.world.item.Item$Properties
[30Sep2026 11:52:16.822] [pool-8-thread-1/INFO] [mixin/]: Mixing HolderSetNamedAccessor from spoutcraft.spout.gamecontent.datadriven.common.registry.temporarymodification.mixins.json into net.minecraft.core.HolderSet$Named
[30Sep2026 11:52:17.133] [pool-8-thread-1/INFO] [mixin/]: Mixing ItemTypeDecoratorDoubleHighBlockItemMixin from spoutcraft.spout.gamecontent.datadriven.item.mixins.json into net.minecraft.world.item.DoubleHighBlockItem
[30Sep2026 11:52:17.153] [pool-8-thread-1/INFO] [mixin/]: Mixing ItemTypeDecoratorEggItemMixin from spoutcraft.spout.gamecontent.datadriven.item.mixins.json into net.minecraft.world.item.EggItem
[30Sep2026 11:52:18.224] [main/WARN] [net.minecraft.commands.Commands/]: Ambiguity between arguments [teleport, location] and [teleport, destination] with inputs: [0.1 -0.5 .9, 0 0 0]
[30Sep2026 11:52:18.225] [main/WARN] [net.minecraft.commands.Commands/]: Ambiguity between arguments [teleport, location] and [teleport, targets] with inputs: [0.1 -0.5 .9, 0 0 0]
[30Sep2026 11:52:18.227] [main/WARN] [net.minecraft.commands.Commands/]: Ambiguity between arguments [teleport, destination] and [teleport, targets] with inputs: [Player, 0123, @e, dd12be42-52a9-4a91-a8a1-11c01849e498]
[30Sep2026 11:52:18.228] [main/WARN] [net.minecraft.commands.Commands/]: Ambiguity between arguments [teleport, targets] and [teleport, destination] with inputs: [Player, 0123, dd12be42-52a9-4a91-a8a1-11c01849e498]
[30Sep2026 11:52:18.229] [main/WARN] [net.minecraft.commands.Commands/]: Ambiguity between arguments [teleport, targets, location] and [teleport, targets, destination] with inputs: [0.1 -0.5 .9, 0 0 0]
[30Sep2026 11:52:18.230] [main/WARN] [net.minecraft.commands.Commands/]: Ambiguity between arguments [time, set, time] and [time, set, timemarker] with inputs: [0, 0s, 0d, 0t]
[30Sep2026 11:52:18.231] [main/WARN] [net.minecraft.commands.Commands/]: Ambiguity between arguments [time, set, timemarker] and [time, set, time] with inputs: [012]
[30Sep2026 11:52:18.232] [main/WARN] [net.minecraft.commands.Commands/]: Ambiguity between arguments [time, of, clock, set, time] and [time, of, clock, set, timemarker] with inputs: [0, 0s, 0d, 0t]
[30Sep2026 11:52:18.233] [main/WARN] [net.minecraft.commands.Commands/]: Ambiguity between arguments [time, of, clock, set, timemarker] and [time, of, clock, set, time] with inputs: [012]
[30Sep2026 11:52:18.234] [main/WARN] [net.minecraft.commands.Commands/]: Ambiguity between arguments [waypoint, modify, waypoint, color, reset] and [waypoint, modify, waypoint, color, color] with inputs: [reset]
[30Sep2026 11:52:18.272] [modloading-worker-0/INFO] [net.neoforged.neoforge.common.NeoForgeMod/NEOFORGE-MOD]: NeoForge mod loading, version 26.1.2.76, for MC 26.1.2
[30Sep2026 11:52:18.452] [Render thread/INFO] [mixin/]: Mixing ChangePositionsOfSpoutLogoLoadingOverlayMixin from spoutcraft.spout.clientui.resourcepack.loadingoverlay.mixins.json into net.minecraft.client.gui.screens.LoadingOverlay
[30Sep2026 11:52:18.453] [Render thread/INFO] [mixin/]: Mixing LoadingOverlayLogoLocationAccessor from spoutcraft.spout.clientui.resourcepack.loadingoverlay.mixins.json into net.minecraft.client.gui.screens.LoadingOverlay
[30Sep2026 11:52:18.453] [Render thread/INFO] [mixin/]: Renaming @Accessor method getMojangStudiosLogoLocation()Lnet/minecraft/resources/Identifier; to getMojangStudiosLogoLocation$spoutcraft_$md$a7abe2$0 in spoutcraft.spout.clientui.resourcepack.loadingoverlay.mixins.json:LoadingOverlayLogoLocationAccessor from mod spoutcraft
[30Sep2026 11:52:18.453] [Render thread/INFO] [mixin/]: Renaming @Accessor method setMojangStudiosLogoLocation(Lnet/minecraft/resources/Identifier;)V to setMojangStudiosLogoLocation$spoutcraft_$md$a7abe2$1 in spoutcraft.spout.clientui.resourcepack.loadingoverlay.mixins.json:LoadingOverlayLogoLocationAccessor from mod spoutcraft
[30Sep2026 11:52:18.453] [Render thread/INFO] [mixin/]: Mixing ReplaceColorsAndSizesOverlayMixin from spoutcraft.spout.clientui.resourcepack.loadingoverlay.mixins.json into net.minecraft.client.gui.screens.LoadingOverlay
[30Sep2026 11:52:18.453] [Render thread/INFO] [mixin/]: Renaming synthetic method lambda$spout$modifyConstants$0(Ljava/util/function/IntSupplier;)I to mda7abe2$spoutcraft$lambda$spout$modifyConstants$0$2 in spoutcraft.spout.clientui.resourcepack.loadingoverlay.mixins.json:ReplaceColorsAndSizesOverlayMixin from mod spoutcraft
[30Sep2026 11:52:18.453] [Render thread/INFO] [mixin/]: Mixing ReplaceLogoWhenRegisteringTexturesLoadingOverlayMixin from spoutcraft.spout.clientui.resourcepack.loadingoverlay.mixins.json into net.minecraft.client.gui.screens.LoadingOverlay
[30Sep2026 11:52:18.454] [Render thread/WARN] [mixin/]: Write access to @Mutable @Final field BRAND_BACKGROUND:Ljava/util/function/IntSupplier; in spoutcraft.spout.clientui.resourcepack.loadingoverlay.mixins.json:ReplaceColorsAndSizesOverlayMixin from mod spoutcraft::handler$zzb000$spoutcraft$spout$modifyConstants
[30Sep2026 11:52:18.549] [Render thread/INFO] [mixin/]: Mixing IgnoreResourcePackDownloadProgressMixin from spoutcraft.spout.clientui.resourcepack.toast.mixins.json into net.minecraft.client.resources.server.DownloadedPackSource
[30Sep2026 11:52:18.555] [Render thread/INFO] [mixin/]: Mixing AllowSpoutServerPacksMixin from spoutcraft.spout.clientview.clientmod.protocol.mixins.json into net.minecraft.client.resources.server.ServerPackManager
[30Sep2026 11:52:18.561] [Render thread/INFO] [com.mojang.authlib.yggdrasil.YggdrasilAuthenticationService/]: Environment: Environment[sessionHost=https://sessionserver.mojang.com, servicesHost=https://api.minecraftservices.com, profilesHost=https://api.mojang.com, name=PROD]
[30Sep2026 11:52:18.566] [Render thread/INFO] [net.minecraft.client.Minecraft/]: Setting user: Dev
[30Sep2026 11:52:18.607] [Render thread/INFO] [net.minecraft.client.Minecraft/]: Backend library: LWJGL version 3.4.1+2
[30Sep2026 11:52:18.791] [Render thread/INFO] [net.minecraft.client.Minecraft/]: Using optional rendering extensions: GL_EXT_texture_filter_anisotropic
[30Sep2026 11:52:18.867] [Render thread/INFO] [mixin/]: Mixing ReplaceMojangLogoAfterTexturesRegisteredMixin from spoutcraft.spout.clientui.resourcepack.loadingoverlay.mixins.json into net.minecraft.client.renderer.texture.TextureManager
[30Sep2026 11:52:19.760] [Render thread/INFO] [net.minecraft.server.packs.resources.ReloadableResourceManager/]: Reloading ResourceManager: vanilla, mod_resources, mod/spoutcraft, mod/neoforge
[30Sep2026 11:52:20.029] [resourceLoad/INFO] [net.minecraft.client.gui.font.providers.UnihexProvider/]: Found unifont_pua-17.0.01.hex, loading
[30Sep2026 11:52:20.030] [resourceLoad/INFO] [net.minecraft.client.gui.font.providers.UnihexProvider/]: Found unifont_all_no_pua-17.0.01.hex, loading
[30Sep2026 11:52:20.039] [resourceLoad/INFO] [net.minecraft.client.gui.font.providers.UnihexProvider/]: Found unifont_jp_patch-17.0.01.hex, loading
[30Sep2026 11:52:20.629] [Render thread/INFO] [com.mojang.blaze3d.opengl.GlProgram/]: Info log when linking program containing VS minecraft:core/rendertype_entity_shadow and FS minecraft:core/rendertype_entity_shadow. Log output: WARNING: Could not find vertex shader attribute 'UV1' to match BindAttributeLocation request.
WARNING: Could not find vertex shader attribute 'Normal' to match BindAttributeLocation request.
WARNING: Could not find vertex shader attribute 'UV2' to match BindAttributeLocation request.

[30Sep2026 11:52:20.635] [Render thread/INFO] [com.mojang.blaze3d.opengl.GlProgram/]: Info log when linking program containing VS minecraft:core/entity and FS minecraft:core/entity. Log output: WARNING: Could not find vertex shader attribute 'UV1' to match BindAttributeLocation request.

[30Sep2026 11:52:20.640] [Render thread/INFO] [com.mojang.blaze3d.opengl.GlProgram/]: Info log when linking program containing VS minecraft:core/entity and FS minecraft:core/entity. Log output: WARNING: Could not find vertex shader attribute 'UV1' to match BindAttributeLocation request.

[30Sep2026 11:52:20.650] [Render thread/INFO] [com.mojang.blaze3d.opengl.GlProgram/]: Info log when linking program containing VS neoforge:core/item_unlit and FS minecraft:core/item. Log output: WARNING: Could not find vertex shader attribute 'UV1' to match BindAttributeLocation request.
WARNING: Could not find vertex shader attribute 'Normal' to match BindAttributeLocation request.
WARNING: Could not find vertex shader attribute 'UV2' to match BindAttributeLocation request.

[30Sep2026 11:52:20.662] [Render thread/INFO] [com.mojang.blaze3d.opengl.GlProgram/]: Info log when linking program containing VS minecraft:core/rendertype_text_intensity_see_through and FS minecraft:core/rendertype_text_intensity_see_through. Log output: WARNING: Could not find vertex shader attribute 'UV2' to match BindAttributeLocation request.

[30Sep2026 11:52:20.666] [Render thread/INFO] [com.mojang.blaze3d.opengl.GlProgram/]: Info log when linking program containing VS minecraft:core/animate_sprite and FS minecraft:core/animate_sprite_blit. Log output: WARNING: Output of vertex shader 'fAnimationProgress' not read by fragment shader

[30Sep2026 11:52:20.667] [Render thread/INFO] [com.mojang.blaze3d.opengl.GlProgram/]: Info log when linking program containing VS minecraft:core/rendertype_text_see_through and FS minecraft:core/rendertype_text_see_through. Log output: WARNING: Could not find vertex shader attribute 'UV2' to match BindAttributeLocation request.

[30Sep2026 11:52:20.686] [Render thread/INFO] [com.mojang.blaze3d.opengl.GlProgram/]: Info log when linking program containing VS minecraft:core/item and FS minecraft:core/item. Log output: WARNING: Could not find vertex shader attribute 'UV1' to match BindAttributeLocation request.

[30Sep2026 11:52:20.689] [Render thread/INFO] [com.mojang.blaze3d.opengl.GlProgram/]: Info log when linking program containing VS minecraft:core/entity and FS minecraft:core/entity. Log output: WARNING: Could not find vertex shader attribute 'Normal' to match BindAttributeLocation request.

[30Sep2026 11:52:20.693] [Render thread/INFO] [com.mojang.blaze3d.opengl.GlProgram/]: Info log when linking program containing VS minecraft:core/item and FS minecraft:core/item. Log output: WARNING: Could not find vertex shader attribute 'UV1' to match BindAttributeLocation request.

[30Sep2026 11:52:20.702] [Render thread/INFO] [com.mojang.blaze3d.opengl.GlProgram/]: Info log when linking program containing VS minecraft:core/rendertype_beacon_beam and FS minecraft:core/rendertype_beacon_beam. Log output: WARNING: Could not find vertex shader attribute 'UV2' to match BindAttributeLocation request.

[30Sep2026 11:52:20.706] [Render thread/INFO] [com.mojang.blaze3d.opengl.GlProgram/]: Info log when linking program containing VS minecraft:core/rendertype_text_background_see_through and FS minecraft:core/rendertype_text_background_see_through. Log output: WARNING: Could not find vertex shader attribute 'UV2' to match BindAttributeLocation request.

[30Sep2026 11:52:20.711] [Render thread/INFO] [com.mojang.blaze3d.opengl.GlProgram/]: Info log when linking program containing VS minecraft:core/entity and FS minecraft:core/entity. Log output: WARNING: Could not find vertex shader attribute 'UV1' to match BindAttributeLocation request.
WARNING: Could not find vertex shader attribute 'Normal' to match BindAttributeLocation request.
WARNING: Could not find vertex shader attribute 'UV2' to match BindAttributeLocation request.

[30Sep2026 11:52:20.713] [Render thread/INFO] [com.mojang.blaze3d.opengl.GlProgram/]: Info log when linking program containing VS minecraft:core/entity and FS minecraft:core/entity. Log output: WARNING: Could not find vertex shader attribute 'UV1' to match BindAttributeLocation request.
WARNING: Could not find vertex shader attribute 'Normal' to match BindAttributeLocation request.

[30Sep2026 11:52:20.723] [Render thread/INFO] [com.mojang.blaze3d.opengl.GlProgram/]: Info log when linking program containing VS minecraft:core/entity and FS minecraft:core/entity. Log output: WARNING: Could not find vertex shader attribute 'UV1' to match BindAttributeLocation request.

[30Sep2026 11:52:20.724] [Render thread/INFO] [com.mojang.blaze3d.opengl.GlProgram/]: Info log when linking program containing VS minecraft:core/entity and FS minecraft:core/entity. Log output: WARNING: Could not find vertex shader attribute 'UV1' to match BindAttributeLocation request.

[30Sep2026 11:52:20.728] [Render thread/INFO] [com.mojang.blaze3d.opengl.GlProgram/]: Info log when linking program containing VS neoforge:core/item_unlit and FS minecraft:core/item. Log output: WARNING: Could not find vertex shader attribute 'UV1' to match BindAttributeLocation request.
WARNING: Could not find vertex shader attribute 'Normal' to match BindAttributeLocation request.
WARNING: Could not find vertex shader attribute 'UV2' to match BindAttributeLocation request.

[30Sep2026 11:52:20.732] [Render thread/INFO] [com.mojang.blaze3d.opengl.GlProgram/]: Info log when linking program containing VS minecraft:core/rendertype_beacon_beam and FS minecraft:core/rendertype_beacon_beam. Log output: WARNING: Could not find vertex shader attribute 'UV2' to match BindAttributeLocation request.

[30Sep2026 11:52:20.738] [Render thread/INFO] [com.mojang.blaze3d.opengl.GlProgram/]: Info log when linking program containing VS minecraft:core/entity and FS minecraft:core/entity. Log output: WARNING: Could not find vertex shader attribute 'UV1' to match BindAttributeLocation request.

[30Sep2026 11:52:20.740] [Render thread/INFO] [com.mojang.blaze3d.opengl.GlProgram/]: Info log when linking program containing VS minecraft:core/entity and FS minecraft:core/entity. Log output: WARNING: Could not find vertex shader attribute 'UV1' to match BindAttributeLocation request.
WARNING: Could not find vertex shader attribute 'Normal' to match BindAttributeLocation request.
WARNING: Could not find vertex shader attribute 'UV2' to match BindAttributeLocation request.

[30Sep2026 11:52:20.744] [Render thread/INFO] [com.mojang.blaze3d.opengl.GlProgram/]: Info log when linking program containing VS minecraft:core/entity and FS minecraft:core/entity. Log output: WARNING: Could not find vertex shader attribute 'UV2' to match BindAttributeLocation request.

[30Sep2026 11:52:20.746] [Render thread/INFO] [com.mojang.blaze3d.opengl.GlProgram/]: Info log when linking program containing VS minecraft:core/rendertype_crumbling and FS minecraft:core/rendertype_crumbling. Log output: WARNING: Could not find vertex shader attribute 'UV2' to match BindAttributeLocation request.

[30Sep2026 11:52:20.781] [Render thread/INFO] [com.mojang.blaze3d.audio.Library/]: OpenAL initialized on device MacBook Pro Speakers
[30Sep2026 11:52:20.784] [Render thread/INFO] [net.minecraft.client.sounds.SoundEngine/SOUNDS]: Sound engine started
[30Sep2026 11:52:20.784] [Render thread/INFO] [net.minecraft.client.renderer.texture.TextureAtlas/]: Created: 512x256x0 minecraft:textures/atlas/particles.png-atlas
[30Sep2026 11:52:20.808] [Render thread/INFO] [net.minecraft.client.renderer.texture.TextureAtlas/]: Created: 128x128x0 minecraft:textures/atlas/decorated_pot.png-atlas
[30Sep2026 11:52:20.812] [Render thread/INFO] [net.minecraft.client.renderer.texture.TextureAtlas/]: Created: 2048x1024x0 minecraft:textures/atlas/armor_trims.png-atlas
[30Sep2026 11:52:20.822] [Render thread/INFO] [net.minecraft.client.renderer.texture.TextureAtlas/]: Created: 512x256x0 minecraft:textures/atlas/paintings.png-atlas
[30Sep2026 11:52:20.823] [Render thread/INFO] [net.minecraft.client.renderer.texture.TextureAtlas/]: Created: 1024x512x0 minecraft:textures/atlas/shield_patterns.png-atlas
[30Sep2026 11:52:20.824] [Render thread/INFO] [net.minecraft.client.renderer.texture.TextureAtlas/]: Created: 2048x2048x4 minecraft:textures/atlas/blocks.png-atlas
[30Sep2026 11:52:20.889] [Render thread/INFO] [net.minecraft.client.renderer.texture.TextureAtlas/]: Created: 512x512x0 minecraft:textures/atlas/chest.png-atlas
[30Sep2026 11:52:20.890] [Render thread/INFO] [net.minecraft.client.renderer.texture.TextureAtlas/]: Created: 256x128x0 minecraft:textures/atlas/celestials.png-atlas
[30Sep2026 11:52:20.890] [Render thread/INFO] [net.minecraft.client.renderer.texture.TextureAtlas/]: Created: 1024x512x0 minecraft:textures/atlas/banner_patterns.png-atlas
[30Sep2026 11:52:20.891] [Render thread/INFO] [net.minecraft.client.renderer.texture.TextureAtlas/]: Created: 512x512x0 minecraft:textures/atlas/beds.png-atlas
[30Sep2026 11:52:20.892] [Render thread/INFO] [net.minecraft.client.renderer.texture.TextureAtlas/]: Created: 1024x512x0 minecraft:textures/atlas/items.png-atlas
[30Sep2026 11:52:20.903] [Render thread/INFO] [net.minecraft.client.renderer.texture.TextureAtlas/]: Created: 1024x1024x0 minecraft:textures/atlas/gui.png-atlas
[30Sep2026 11:52:20.911] [Render thread/INFO] [net.minecraft.client.renderer.texture.TextureAtlas/]: Created: 128x64x0 minecraft:textures/atlas/map_decorations.png-atlas
[30Sep2026 11:52:20.912] [Render thread/INFO] [net.minecraft.client.renderer.texture.TextureAtlas/]: Created: 512x256x0 minecraft:textures/atlas/signs.png-atlas
[30Sep2026 11:52:20.912] [Render thread/INFO] [net.minecraft.client.renderer.texture.TextureAtlas/]: Created: 512x512x0 minecraft:textures/atlas/shulker_boxes.png-atlas
[30Sep2026 11:52:20.981] [Render thread/INFO] [net.neoforged.neoforge.client.entity.animation.json.AnimationLoader/]: Loaded 0 entity animations
[30Sep2026 12:06:05.455] [Render thread/WARN] [net.minecraft.server.MinecraftServer/]: Missing data pack tests
[30Sep2026 12:06:06.588] [Render thread/INFO] [net.minecraft.world.item.crafting.RecipeManager/]: Loaded 1515 recipes
[30Sep2026 12:06:06.599] [Render thread/INFO] [net.minecraft.advancements.AdvancementTree/]: Loaded 1617 advancements
[30Sep2026 12:06:06.601] [Render thread/INFO] [net.neoforged.neoforge.common.crafting.RecipePriorityManager/]: Loaded 0 recipe priority overrides
[30Sep2026 12:06:10.019] [Server thread/INFO] [net.minecraft.client.server.IntegratedServer/]: Starting integrated minecraft server version 26.1.2
[30Sep2026 12:06:10.019] [Server thread/INFO] [net.minecraft.server.MinecraftServer/]: Generating keypair
[30Sep2026 12:06:10.589] [Server thread/INFO] [net.minecraft.server.level.progress.LoggingLevelLoadListener/]: Selecting global world spawn...
[30Sep2026 12:06:14.048] [Server thread/INFO] [net.minecraft.server.level.progress.LoggingLevelLoadListener/]: Loading 0 persistent chunks...
[30Sep2026 12:06:14.048] [Server thread/INFO] [net.minecraft.server.level.progress.LoggingLevelLoadListener/]: Preparing spawn area: 16%
[30Sep2026 12:06:14.049] [Server thread/INFO] [net.minecraft.server.MinecraftServer/]: Saving chunks for level 'ServerLevel[New World]'/minecraft:overworld
[30Sep2026 12:06:14.082] [Server thread/INFO] [net.minecraft.server.MinecraftServer/]: Saving chunks for level 'ServerLevel[New World]'/minecraft:the_end
[30Sep2026 12:06:14.093] [Server thread/INFO] [net.minecraft.server.MinecraftServer/]: Saving chunks for level 'ServerLevel[New World]'/minecraft:the_nether
[30Sep2026 12:06:14.125] [Server thread/INFO] [net.minecraft.server.MinecraftServer/]: ThreadedAnvilChunkStorage (world): All chunks are saved
[30Sep2026 12:06:14.125] [Server thread/INFO] [net.minecraft.server.MinecraftServer/]: ThreadedAnvilChunkStorage (DIM1): All chunks are saved
[30Sep2026 12:06:14.125] [Server thread/INFO] [net.minecraft.server.MinecraftServer/]: ThreadedAnvilChunkStorage (DIM-1): All chunks are saved
[30Sep2026 12:06:14.125] [Server thread/INFO] [net.minecraft.server.MinecraftServer/]: ThreadedAnvilChunkStorage: All dimensions are saved
[30Sep2026 12:06:14.127] [Server thread/INFO] [net.neoforged.neoforge.server.permission.PermissionAPI/]: Successfully initialized permission handler neoforge:default_handler
[30Sep2026 12:06:14.235] [Render thread/INFO] [mixin/]: Mixing ClientHandshakePacketListenerImplMixin from spoutcraft.spout.clientview.clientmod.protocol.mixins.json into net.minecraft.client.multiplayer.ClientHandshakePacketListenerImpl
[30Sep2026 12:06:14.246] [Render thread/INFO] [mixin/]: Mixing ClientboundCustomQueryPacketMixin from spoutcraft.spout.clientview.clientmod.protocol.mixins.json into net.minecraft.network.protocol.login.ClientboundCustomQueryPacket
[30Sep2026 12:06:14.280] [Netty Local IO #0/INFO] [mixin/]: Mixing CustomPacketPayloadCodecMixin from spoutcraft.spout.clientview.clientmod.protocol.mixins.json into net.minecraft.network.protocol.common.custom.CustomPacketPayload$1
[30Sep2026 12:06:14.291] [Netty Local IO #0/INFO] [mixin/]: Mixing ClientConfigurationPacketListenerImplMixin from spoutcraft.spout.clientview.clientmod.protocol.mixins.json into net.minecraft.client.multiplayer.ClientConfigurationPacketListenerImpl
[30Sep2026 12:06:14.294] [Netty Local IO #0/INFO] [mixin/]: Mixing ClientCommonPacketListenerImplAccessor from spoutcraft.spout.clientview.clientmod.protocol.mixins.json into net.minecraft.client.multiplayer.ClientCommonPacketListenerImpl
[30Sep2026 12:06:14.294] [Netty Local IO #0/INFO] [mixin/]: Mixing ClientCommonPacketListenerImplMixin from spoutcraft.spout.clientview.clientmod.protocol.mixins.json into net.minecraft.client.multiplayer.ClientCommonPacketListenerImpl
[30Sep2026 12:06:14.294] [Netty Local IO #0/INFO] [mixin/]: Renaming synthetic method lambda$handleSpoutCustomPayload$0(Lspout/clientview/clientmod/protocol/ClientModCustomContentPacketPayload;)V to mda7abe2$spoutcraft$lambda$handleSpoutCustomPayload$0$0 in spoutcraft.spout.clientview.clientmod.protocol.mixins.json:ClientCommonPacketListenerImplMixin from mod spoutcraft
[30Sep2026 12:06:14.789] [Server thread/INFO] [net.minecraft.server.level.progress.LoggingLevelLoadListener/]: Loading 47 chunks for player spawn...
[30Sep2026 12:06:14.789] [Server thread/INFO] [net.minecraft.server.level.progress.LoggingLevelLoadListener/]: Preparing spawn area: 16%
[30Sep2026 12:06:14.832] [Server thread/INFO] [net.minecraft.server.level.progress.LoggingLevelLoadListener/]: Preparing spawn area: 16%
[30Sep2026 12:06:14.882] [Server thread/INFO] [net.minecraft.server.level.progress.LoggingLevelLoadListener/]: Preparing spawn area: 16%
[30Sep2026 12:06:14.930] [Server thread/INFO] [net.minecraft.server.level.progress.LoggingLevelLoadListener/]: Preparing spawn area: 16%
[30Sep2026 12:06:14.982] [Server thread/INFO] [net.minecraft.server.level.progress.LoggingLevelLoadListener/]: Preparing spawn area: 16%
[30Sep2026 12:06:15.032] [Server thread/INFO] [net.minecraft.server.level.progress.LoggingLevelLoadListener/]: Preparing spawn area: 16%
[30Sep2026 12:06:15.082] [Server thread/INFO] [net.minecraft.server.level.progress.LoggingLevelLoadListener/]: Preparing spawn area: 16%
[30Sep2026 12:06:15.130] [Server thread/INFO] [net.minecraft.server.level.progress.LoggingLevelLoadListener/]: Preparing spawn area: 16%
[30Sep2026 12:06:15.178] [Server thread/INFO] [net.minecraft.server.level.progress.LoggingLevelLoadListener/]: Preparing spawn area: 16%
[30Sep2026 12:06:15.631] [Server thread/INFO] [net.minecraft.server.level.progress.LoggingLevelLoadListener/]: Preparing spawn area: 29%
[30Sep2026 12:06:16.128] [Server thread/INFO] [net.minecraft.server.level.progress.LoggingLevelLoadListener/]: Preparing spawn area: 57%
[30Sep2026 12:06:16.428] [Server thread/INFO] [net.minecraft.server.level.progress.LoggingLevelLoadListener/]: Time elapsed: 5839 ms
[30Sep2026 12:06:16.510] [Render thread/INFO] [mixin/]: Mixing ClientPacketListenerMixin from spoutcraft.spout.clientview.clientmod.protocol.mixins.json into net.minecraft.client.multiplayer.ClientPacketListener
[30Sep2026 12:06:16.602] [Server thread/INFO] [net.minecraft.server.players.PlayerList/]: Dev[local:E:9a51c2df] logged in with entity id 11 at (8.5, 73.0, -7.5)
[30Sep2026 12:06:16.617] [Server thread/INFO] [net.minecraft.server.MinecraftServer/]: Dev joined the game
[30Sep2026 12:06:16.672] [Server thread/INFO] [net.minecraft.client.server.IntegratedServer/]: Changing view distance to 16, from 10
[30Sep2026 12:06:16.674] [Server thread/INFO] [net.minecraft.client.server.IntegratedServer/]: Changing simulation distance to 12, from 0
[30Sep2026 12:06:16.677] [Render thread/WARN] [net.minecraft.client.multiplayer.ClientPacketListener/]: Ignoring chat session from Dev due to missing Services public key
[30Sep2026 12:06:16.678] [Render thread/INFO] [net.minecraft.advancements.AdvancementTree/]: Loaded 2 advancements
[30Sep2026 12:06:16.773] [Render thread/INFO] [net.minecraft.client.renderer.DynamicUniformStorage/]: Resizing Dynamic Transforms UBO, capacity limit of 2 reached during a single frame. New capacity will be 4.
[30Sep2026 12:06:16.871] [Render thread/INFO] [net.minecraft.client.renderer.DynamicUniformStorage/]: Resizing Dynamic Transforms UBO, capacity limit of 4 reached during a single frame. New capacity will be 8.
[30Sep2026 12:06:17.072] [Render thread/INFO] [net.minecraft.client.renderer.DynamicUniformStorage/]: Resizing Chunk Sections UBO, capacity limit of 2 reached during a single frame. New capacity will be 8.
[30Sep2026 12:06:17.165] [Render thread/INFO] [net.minecraft.client.renderer.DynamicUniformStorage/]: Resizing Chunk Sections UBO, capacity limit of 8 reached during a single frame. New capacity will be 16.
[30Sep2026 12:06:17.636] [Render thread/INFO] [net.minecraft.client.renderer.DynamicUniformStorage/]: Resizing Chunk Sections UBO, capacity limit of 16 reached during a single frame. New capacity will be 32.
[30Sep2026 12:06:18.665] [Render thread/INFO] [net.minecraft.client.renderer.DynamicUniformStorage/]: Resizing Chunk Sections UBO, capacity limit of 32 reached during a single frame. New capacity will be 64.
[30Sep2026 12:06:19.769] [Server thread/INFO] [net.minecraft.server.MinecraftServer/]: [Not Secure] <Dev> Hi
[30Sep2026 12:06:19.781] [Render thread/INFO] [net.minecraft.client.gui.components.ChatComponent/]: [CHAT] <Dev> Hi
[30Sep2026 12:06:20.098] [Render thread/INFO] [net.minecraft.client.renderer.DynamicUniformStorage/]: Resizing Chunk Sections UBO, capacity limit of 64 reached during a single frame. New capacity will be 128.
[30Sep2026 12:06:21.646] [Render thread/INFO] [net.minecraft.client.gui.components.ChatComponent/]: [System] [CHAT] Unknown or incomplete command. See below for error
[30Sep2026 12:06:21.648] [Render thread/INFO] [net.minecraft.client.gui.components.ChatComponent/]: [System] [CHAT] spoutcraft<--[HERE]
[30Sep2026 12:06:21.861] [Render thread/INFO] [net.minecraft.client.renderer.DynamicUniformStorage/]: Resizing Dynamic Transforms UBO, capacity limit of 8 reached during a single frame. New capacity will be 16.
[30Sep2026 12:06:22.697] [Render thread/INFO] [net.minecraft.client.renderer.DynamicUniformStorage/]: Resizing Chunk Sections UBO, capacity limit of 128 reached during a single frame. New capacity will be 256.
[30Sep2026 12:06:24.693] [Server thread/INFO] [net.minecraft.server.MinecraftServer/]: [Not Secure] <Dev> asdjiow
[30Sep2026 12:06:24.696] [Render thread/INFO] [net.minecraft.client.gui.components.ChatComponent/]: [CHAT] <Dev> asdjiow
[30Sep2026 12:06:28.931] [Server thread/INFO] [net.minecraft.client.server.IntegratedServer/]: Saving and pausing game...
[30Sep2026 12:06:28.944] [Server thread/INFO] [net.minecraft.server.MinecraftServer/]: Saving chunks for level 'ServerLevel[New World]'/minecraft:overworld
[30Sep2026 12:06:28.985] [Server thread/INFO] [net.minecraft.server.MinecraftServer/]: Saving chunks for level 'ServerLevel[New World]'/minecraft:the_end
[30Sep2026 12:06:28.985] [Server thread/INFO] [net.minecraft.server.MinecraftServer/]: Saving chunks for level 'ServerLevel[New World]'/minecraft:the_nether
[30Sep2026 12:06:38.330] [Server thread/INFO] [net.minecraft.server.MinecraftServer/]: Stopping server
[30Sep2026 12:06:38.335] [Server thread/INFO] [net.minecraft.server.MinecraftServer/]: Saving players
[30Sep2026 12:06:38.344] [Server thread/INFO] [net.minecraft.server.network.ServerGamePacketListenerImpl/]: Dev lost connection: Disconnected
[30Sep2026 12:06:38.344] [Server thread/INFO] [net.minecraft.server.MinecraftServer/]: Dev left the game
[30Sep2026 12:06:38.359] [Server thread/INFO] [net.minecraft.server.network.ServerCommonPacketListenerImpl/]: Stopping singleplayer server as player logged out
[30Sep2026 12:06:38.359] [Server thread/INFO] [net.minecraft.server.MinecraftServer/]: Saving worlds
[30Sep2026 12:06:38.953] [Server thread/INFO] [net.minecraft.server.MinecraftServer/]: Saving chunks for level 'ServerLevel[New World]'/minecraft:overworld
[30Sep2026 12:06:40.020] [Server thread/INFO] [net.minecraft.server.MinecraftServer/]: Saving chunks for level 'ServerLevel[New World]'/minecraft:the_end
[30Sep2026 12:06:40.028] [Server thread/INFO] [net.minecraft.server.MinecraftServer/]: Saving chunks for level 'ServerLevel[New World]'/minecraft:the_nether
[30Sep2026 12:06:40.038] [Server thread/INFO] [net.minecraft.server.MinecraftServer/]: ThreadedAnvilChunkStorage (world): All chunks are saved
[30Sep2026 12:06:40.038] [Server thread/INFO] [net.minecraft.server.MinecraftServer/]: ThreadedAnvilChunkStorage (DIM1): All chunks are saved
[30Sep2026 12:06:40.038] [Server thread/INFO] [net.minecraft.server.MinecraftServer/]: ThreadedAnvilChunkStorage (DIM-1): All chunks are saved
[30Sep2026 12:06:40.038] [Server thread/INFO] [net.minecraft.server.MinecraftServer/]: ThreadedAnvilChunkStorage: All dimensions are saved
[30Sep2026 12:06:47.737] [Render thread/INFO] [net.minecraft.world.level.storage.LevelStorageSource/]: Deleting level New World
[30Sep2026 12:06:47.737] [Render thread/INFO] [net.minecraft.world.level.storage.LevelStorageSource/]: Attempt 1...
[30Sep2026 12:06:47.752] [Render thread/WARN] [net.minecraft.server.MinecraftServer/]: Missing data pack tests
[30Sep2026 12:06:48.387] [Render thread/INFO] [net.minecraft.world.item.crafting.RecipeManager/]: Loaded 1515 recipes
[30Sep2026 12:06:48.393] [Render thread/INFO] [net.minecraft.advancements.AdvancementTree/]: Loaded 1617 advancements
[30Sep2026 12:06:48.393] [Render thread/INFO] [net.neoforged.neoforge.common.crafting.RecipePriorityManager/]: Loaded 0 recipe priority overrides
[30Sep2026 12:06:51.208] [Server thread/INFO] [net.minecraft.client.server.IntegratedServer/]: Starting integrated minecraft server version 26.1.2
[30Sep2026 12:06:51.208] [Server thread/INFO] [net.minecraft.server.MinecraftServer/]: Generating keypair
[30Sep2026 12:06:51.326] [Server thread/INFO] [net.minecraft.server.level.progress.LoggingLevelLoadListener/]: Selecting global world spawn...
[30Sep2026 12:06:52.313] [Server thread/INFO] [net.minecraft.server.level.progress.LoggingLevelLoadListener/]: Loading 0 persistent chunks...
[30Sep2026 12:06:52.313] [Server thread/INFO] [net.minecraft.server.level.progress.LoggingLevelLoadListener/]: Preparing spawn area: 16%
[30Sep2026 12:06:52.314] [Server thread/INFO] [net.minecraft.server.MinecraftServer/]: Saving chunks for level 'ServerLevel[New World]'/minecraft:overworld
[30Sep2026 12:06:52.331] [Server thread/INFO] [net.minecraft.server.MinecraftServer/]: Saving chunks for level 'ServerLevel[New World]'/minecraft:the_end
[30Sep2026 12:06:52.348] [Server thread/INFO] [net.minecraft.server.MinecraftServer/]: Saving chunks for level 'ServerLevel[New World]'/minecraft:the_nether
[30Sep2026 12:06:52.380] [Server thread/INFO] [net.minecraft.server.MinecraftServer/]: ThreadedAnvilChunkStorage (world): All chunks are saved
[30Sep2026 12:06:52.380] [Server thread/INFO] [net.minecraft.server.MinecraftServer/]: ThreadedAnvilChunkStorage (DIM1): All chunks are saved
[30Sep2026 12:06:52.380] [Server thread/INFO] [net.minecraft.server.MinecraftServer/]: ThreadedAnvilChunkStorage (DIM-1): All chunks are saved
[30Sep2026 12:06:52.380] [Server thread/INFO] [net.minecraft.server.MinecraftServer/]: ThreadedAnvilChunkStorage: All dimensions are saved
[30Sep2026 12:06:52.380] [Server thread/INFO] [net.neoforged.neoforge.server.permission.PermissionAPI/]: Successfully initialized permission handler neoforge:default_handler
[30Sep2026 12:06:52.787] [Server thread/INFO] [net.minecraft.server.level.progress.LoggingLevelLoadListener/]: Loading 47 chunks for player spawn...
[30Sep2026 12:06:52.788] [Server thread/INFO] [net.minecraft.server.level.progress.LoggingLevelLoadListener/]: Preparing spawn area: 16%
[30Sep2026 12:06:52.833] [Server thread/INFO] [net.minecraft.server.level.progress.LoggingLevelLoadListener/]: Preparing spawn area: 16%
[30Sep2026 12:06:52.885] [Server thread/INFO] [net.minecraft.server.level.progress.LoggingLevelLoadListener/]: Preparing spawn area: 16%
[30Sep2026 12:06:53.335] [Server thread/INFO] [net.minecraft.server.level.progress.LoggingLevelLoadListener/]: Preparing spawn area: 29%
[30Sep2026 12:06:53.835] [Server thread/INFO] [net.minecraft.server.level.progress.LoggingLevelLoadListener/]: Preparing spawn area: 57%
[30Sep2026 12:06:53.931] [Server thread/INFO] [net.minecraft.server.level.progress.LoggingLevelLoadListener/]: Time elapsed: 2606 ms
[30Sep2026 12:06:53.994] [Server thread/INFO] [net.minecraft.server.players.PlayerList/]: Dev[local:E:3a59e91f] logged in with entity id 843 at (-20.5, 78.0, 25.5)
[30Sep2026 12:06:54.009] [Server thread/INFO] [net.minecraft.server.MinecraftServer/]: Dev joined the game
[30Sep2026 12:06:54.037] [Render thread/WARN] [net.minecraft.client.multiplayer.ClientPacketListener/]: Ignoring chat session from Dev due to missing Services public key
[30Sep2026 12:06:54.037] [Render thread/INFO] [net.minecraft.advancements.AdvancementTree/]: Loaded 2 advancements
[30Sep2026 12:06:54.040] [Server thread/INFO] [net.minecraft.client.server.IntegratedServer/]: Changing view distance to 16, from 10
[30Sep2026 12:06:54.042] [Server thread/INFO] [net.minecraft.client.server.IntegratedServer/]: Changing simulation distance to 12, from 0
[30Sep2026 12:06:59.181] [Server thread/INFO] [net.minecraft.client.server.IntegratedServer/]: Saving and pausing game...
[30Sep2026 12:06:59.184] [Server thread/INFO] [net.minecraft.server.MinecraftServer/]: Saving chunks for level 'ServerLevel[New World]'/minecraft:overworld
[30Sep2026 12:06:59.186] [Server thread/INFO] [net.minecraft.server.MinecraftServer/]: Saving chunks for level 'ServerLevel[New World]'/minecraft:the_end
[30Sep2026 12:06:59.192] [Server thread/INFO] [net.minecraft.server.MinecraftServer/]: Saving chunks for level 'ServerLevel[New World]'/minecraft:the_nether
[30Sep2026 12:07:00.281] [Server thread/INFO] [net.minecraft.server.MinecraftServer/]: Stopping server
[30Sep2026 12:07:00.282] [Server thread/INFO] [net.minecraft.server.MinecraftServer/]: Saving players
[30Sep2026 12:07:00.284] [Server thread/INFO] [net.minecraft.server.network.ServerGamePacketListenerImpl/]: Dev lost connection: Disconnected
[30Sep2026 12:07:00.284] [Server thread/INFO] [net.minecraft.server.MinecraftServer/]: Dev left the game
[30Sep2026 12:07:00.286] [Server thread/INFO] [net.minecraft.server.network.ServerCommonPacketListenerImpl/]: Stopping singleplayer server as player logged out
[30Sep2026 12:07:00.286] [Server thread/INFO] [net.minecraft.server.MinecraftServer/]: Saving worlds
[30Sep2026 12:07:00.378] [Server thread/INFO] [net.minecraft.server.MinecraftServer/]: Saving chunks for level 'ServerLevel[New World]'/minecraft:overworld
[30Sep2026 12:07:01.027] [Server thread/INFO] [net.minecraft.server.MinecraftServer/]: Saving chunks for level 'ServerLevel[New World]'/minecraft:the_end
[30Sep2026 12:07:01.036] [Server thread/INFO] [net.minecraft.server.MinecraftServer/]: Saving chunks for level 'ServerLevel[New World]'/minecraft:the_nether
[30Sep2026 12:07:01.045] [Server thread/INFO] [net.minecraft.server.MinecraftServer/]: ThreadedAnvilChunkStorage (world): All chunks are saved
[30Sep2026 12:07:01.045] [Server thread/INFO] [net.minecraft.server.MinecraftServer/]: ThreadedAnvilChunkStorage (DIM1): All chunks are saved
[30Sep2026 12:07:01.045] [Server thread/INFO] [net.minecraft.server.MinecraftServer/]: ThreadedAnvilChunkStorage (DIM-1): All chunks are saved
[30Sep2026 12:07:01.045] [Server thread/INFO] [net.minecraft.server.MinecraftServer/]: ThreadedAnvilChunkStorage: All dimensions are saved
[30Sep2026 12:07:12.227] [Render thread/INFO] [net.minecraft.client.gui.screens.ConnectScreen/]: Connecting to localhost, 25565
[30Sep2026 12:07:12.531] [Render thread/WARN] [net.neoforged.fml.config.ConfigTracker/]: Overwriting non-null config LoadedConfig[config=SynchronizedConfig{DataHolder:{removeErroringBlockEntities=false, removeErroringEntities=false, fullBoundingBoxLadders=false, permissionHandler=neoforge:default_handler, advertiseDedicatedServerToLan=true}}, path=null, modConfig=net.neoforged.fml.config.ModConfig@6c78ad25] at path neoforge-server.toml with default server config
[30Sep2026 12:07:12.696] [download-queue/WARN] [net.minecraft.util.HttpUtil/]: Existing file ./downloads/09faa947-2e68-375a-b8eb-2902160633f7/398b386e7e320d195ea20ee1fcc2161f83fc2feb not found or had mismatched hash
[30Sep2026 12:07:12.716] [Render thread/INFO] [net.minecraft.server.packs.resources.ReloadableResourceManager/]: Reloading ResourceManager: vanilla, mod_resources, mod/spoutcraft, mod/neoforge, server/00000000/09faa947-2e68-375a-b8eb-2902160633f7
[30Sep2026 12:07:12.814] [resourceLoad/INFO] [net.minecraft.client.gui.font.providers.UnihexProvider/]: Found unifont_all_no_pua-17.0.01.hex, loading
[30Sep2026 12:07:12.874] [resourceLoad/INFO] [net.minecraft.client.gui.font.providers.UnihexProvider/]: Found unifont_pua-17.0.01.hex, loading
[30Sep2026 12:07:12.987] [resourceLoad/INFO] [net.minecraft.client.gui.font.providers.UnihexProvider/]: Found unifont_jp_patch-17.0.01.hex, loading
[30Sep2026 12:07:13.480] [Render thread/INFO] [com.mojang.blaze3d.opengl.GlProgram/]: Info log when linking program containing VS minecraft:core/rendertype_entity_shadow and FS minecraft:core/rendertype_entity_shadow. Log output: WARNING: Could not find vertex shader attribute 'UV1' to match BindAttributeLocation request.
WARNING: Could not find vertex shader attribute 'Normal' to match BindAttributeLocation request.
WARNING: Could not find vertex shader attribute 'UV2' to match BindAttributeLocation request.

[30Sep2026 12:07:13.486] [Render thread/INFO] [com.mojang.blaze3d.opengl.GlProgram/]: Info log when linking program containing VS minecraft:core/entity and FS minecraft:core/entity. Log output: WARNING: Could not find vertex shader attribute 'UV1' to match BindAttributeLocation request.

[30Sep2026 12:07:13.492] [Render thread/INFO] [com.mojang.blaze3d.opengl.GlProgram/]: Info log when linking program containing VS minecraft:core/entity and FS minecraft:core/entity. Log output: WARNING: Could not find vertex shader attribute 'UV1' to match BindAttributeLocation request.

[30Sep2026 12:07:13.501] [Render thread/INFO] [com.mojang.blaze3d.opengl.GlProgram/]: Info log when linking program containing VS neoforge:core/item_unlit and FS minecraft:core/item. Log output: WARNING: Could not find vertex shader attribute 'UV1' to match BindAttributeLocation request.
WARNING: Could not find vertex shader attribute 'Normal' to match BindAttributeLocation request.
WARNING: Could not find vertex shader attribute 'UV2' to match BindAttributeLocation request.

[30Sep2026 12:07:13.512] [Render thread/INFO] [com.mojang.blaze3d.opengl.GlProgram/]: Info log when linking program containing VS minecraft:core/rendertype_text_intensity_see_through and FS minecraft:core/rendertype_text_intensity_see_through. Log output: WARNING: Could not find vertex shader attribute 'UV2' to match BindAttributeLocation request.

[30Sep2026 12:07:13.516] [Render thread/INFO] [com.mojang.blaze3d.opengl.GlProgram/]: Info log when linking program containing VS minecraft:core/animate_sprite and FS minecraft:core/animate_sprite_blit. Log output: WARNING: Output of vertex shader 'fAnimationProgress' not read by fragment shader

[30Sep2026 12:07:13.517] [Render thread/INFO] [com.mojang.blaze3d.opengl.GlProgram/]: Info log when linking program containing VS minecraft:core/rendertype_text_see_through and FS minecraft:core/rendertype_text_see_through. Log output: WARNING: Could not find vertex shader attribute 'UV2' to match BindAttributeLocation request.

[30Sep2026 12:07:13.535] [Render thread/INFO] [com.mojang.blaze3d.opengl.GlProgram/]: Info log when linking program containing VS minecraft:core/item and FS minecraft:core/item. Log output: WARNING: Could not find vertex shader attribute 'UV1' to match BindAttributeLocation request.

[30Sep2026 12:07:13.538] [Render thread/INFO] [com.mojang.blaze3d.opengl.GlProgram/]: Info log when linking program containing VS minecraft:core/entity and FS minecraft:core/entity. Log output: WARNING: Could not find vertex shader attribute 'Normal' to match BindAttributeLocation request.

[30Sep2026 12:07:13.542] [Render thread/INFO] [com.mojang.blaze3d.opengl.GlProgram/]: Info log when linking program containing VS minecraft:core/item and FS minecraft:core/item. Log output: WARNING: Could not find vertex shader attribute 'UV1' to match BindAttributeLocation request.

[30Sep2026 12:07:13.550] [Render thread/INFO] [com.mojang.blaze3d.opengl.GlProgram/]: Info log when linking program containing VS minecraft:core/rendertype_beacon_beam and FS minecraft:core/rendertype_beacon_beam. Log output: WARNING: Could not find vertex shader attribute 'UV2' to match BindAttributeLocation request.

[30Sep2026 12:07:13.554] [Render thread/INFO] [com.mojang.blaze3d.opengl.GlProgram/]: Info log when linking program containing VS minecraft:core/rendertype_text_background_see_through and FS minecraft:core/rendertype_text_background_see_through. Log output: WARNING: Could not find vertex shader attribute 'UV2' to match BindAttributeLocation request.

[30Sep2026 12:07:13.559] [Render thread/INFO] [com.mojang.blaze3d.opengl.GlProgram/]: Info log when linking program containing VS minecraft:core/entity and FS minecraft:core/entity. Log output: WARNING: Could not find vertex shader attribute 'UV1' to match BindAttributeLocation request.
WARNING: Could not find vertex shader attribute 'Normal' to match BindAttributeLocation request.
WARNING: Could not find vertex shader attribute 'UV2' to match BindAttributeLocation request.

[30Sep2026 12:07:13.561] [Render thread/INFO] [com.mojang.blaze3d.opengl.GlProgram/]: Info log when linking program containing VS minecraft:core/entity and FS minecraft:core/entity. Log output: WARNING: Could not find vertex shader attribute 'UV1' to match BindAttributeLocation request.
WARNING: Could not find vertex shader attribute 'Normal' to match BindAttributeLocation request.

[30Sep2026 12:07:13.571] [Render thread/INFO] [com.mojang.blaze3d.opengl.GlProgram/]: Info log when linking program containing VS minecraft:core/entity and FS minecraft:core/entity. Log output: WARNING: Could not find vertex shader attribute 'UV1' to match BindAttributeLocation request.

[30Sep2026 12:07:13.572] [Render thread/INFO] [com.mojang.blaze3d.opengl.GlProgram/]: Info log when linking program containing VS minecraft:core/entity and FS minecraft:core/entity. Log output: WARNING: Could not find vertex shader attribute 'UV1' to match BindAttributeLocation request.

[30Sep2026 12:07:13.583] [Render thread/INFO] [com.mojang.blaze3d.opengl.GlProgram/]: Info log when linking program containing VS neoforge:core/item_unlit and FS minecraft:core/item. Log output: WARNING: Could not find vertex shader attribute 'UV1' to match BindAttributeLocation request.
WARNING: Could not find vertex shader attribute 'Normal' to match BindAttributeLocation request.
WARNING: Could not find vertex shader attribute 'UV2' to match BindAttributeLocation request.

[30Sep2026 12:07:13.588] [Render thread/INFO] [com.mojang.blaze3d.opengl.GlProgram/]: Info log when linking program containing VS minecraft:core/rendertype_beacon_beam and FS minecraft:core/rendertype_beacon_beam. Log output: WARNING: Could not find vertex shader attribute 'UV2' to match BindAttributeLocation request.

[30Sep2026 12:07:13.593] [Render thread/INFO] [com.mojang.blaze3d.opengl.GlProgram/]: Info log when linking program containing VS minecraft:core/entity and FS minecraft:core/entity. Log output: WARNING: Could not find vertex shader attribute 'UV1' to match BindAttributeLocation request.

[30Sep2026 12:07:13.595] [Render thread/INFO] [com.mojang.blaze3d.opengl.GlProgram/]: Info log when linking program containing VS minecraft:core/entity and FS minecraft:core/entity. Log output: WARNING: Could not find vertex shader attribute 'UV1' to match BindAttributeLocation request.
WARNING: Could not find vertex shader attribute 'Normal' to match BindAttributeLocation request.
WARNING: Could not find vertex shader attribute 'UV2' to match BindAttributeLocation request.

[30Sep2026 12:07:13.598] [Render thread/INFO] [com.mojang.blaze3d.opengl.GlProgram/]: Info log when linking program containing VS minecraft:core/entity and FS minecraft:core/entity. Log output: WARNING: Could not find vertex shader attribute 'UV2' to match BindAttributeLocation request.

[30Sep2026 12:07:13.600] [Render thread/INFO] [com.mojang.blaze3d.opengl.GlProgram/]: Info log when linking program containing VS minecraft:core/rendertype_crumbling and FS minecraft:core/rendertype_crumbling. Log output: WARNING: Could not find vertex shader attribute 'UV2' to match BindAttributeLocation request.

[30Sep2026 12:07:13.662] [Render thread/INFO] [com.mojang.blaze3d.audio.Library/]: OpenAL initialized on device MacBook Pro Speakers
[30Sep2026 12:07:13.662] [Render thread/INFO] [net.minecraft.client.sounds.SoundEngine/SOUNDS]: Sound engine started
[30Sep2026 12:07:13.662] [Render thread/INFO] [net.minecraft.client.renderer.texture.TextureAtlas/]: Created: 512x256x0 minecraft:textures/atlas/particles.png-atlas
[30Sep2026 12:07:13.667] [Render thread/INFO] [net.minecraft.client.renderer.texture.TextureAtlas/]: Created: 128x128x0 minecraft:textures/atlas/decorated_pot.png-atlas
[30Sep2026 12:07:13.673] [Render thread/INFO] [net.minecraft.client.renderer.texture.TextureAtlas/]: Created: 2048x1024x0 minecraft:textures/atlas/armor_trims.png-atlas
[30Sep2026 12:07:13.682] [Render thread/INFO] [net.minecraft.client.renderer.texture.TextureAtlas/]: Created: 512x256x0 minecraft:textures/atlas/paintings.png-atlas
[30Sep2026 12:07:13.683] [Render thread/INFO] [net.minecraft.client.renderer.texture.TextureAtlas/]: Created: 1024x512x0 minecraft:textures/atlas/shield_patterns.png-atlas
[30Sep2026 12:07:13.684] [Render thread/INFO] [net.minecraft.client.renderer.texture.TextureAtlas/]: Created: 2048x2048x4 minecraft:textures/atlas/blocks.png-atlas
[30Sep2026 12:07:13.729] [Render thread/INFO] [net.minecraft.client.renderer.texture.TextureAtlas/]: Created: 512x512x0 minecraft:textures/atlas/chest.png-atlas
[30Sep2026 12:07:13.729] [Render thread/INFO] [net.minecraft.client.renderer.texture.TextureAtlas/]: Created: 256x128x0 minecraft:textures/atlas/celestials.png-atlas
[30Sep2026 12:07:13.730] [Render thread/INFO] [net.minecraft.client.renderer.texture.TextureAtlas/]: Created: 1024x512x0 minecraft:textures/atlas/banner_patterns.png-atlas
[30Sep2026 12:07:13.731] [Render thread/INFO] [net.minecraft.client.renderer.texture.TextureAtlas/]: Created: 512x512x0 minecraft:textures/atlas/beds.png-atlas
[30Sep2026 12:07:13.731] [Render thread/INFO] [net.minecraft.client.renderer.texture.TextureAtlas/]: Created: 1024x512x0 minecraft:textures/atlas/items.png-atlas
[30Sep2026 12:07:13.740] [Render thread/INFO] [net.minecraft.client.renderer.texture.TextureAtlas/]: Created: 1024x1024x0 minecraft:textures/atlas/gui.png-atlas
[30Sep2026 12:07:13.745] [Render thread/INFO] [net.minecraft.client.renderer.texture.TextureAtlas/]: Created: 128x64x0 minecraft:textures/atlas/map_decorations.png-atlas
[30Sep2026 12:07:13.746] [Render thread/INFO] [net.minecraft.client.renderer.texture.TextureAtlas/]: Created: 512x256x0 minecraft:textures/atlas/signs.png-atlas
[30Sep2026 12:07:13.746] [Render thread/INFO] [net.minecraft.client.renderer.texture.TextureAtlas/]: Created: 512x512x0 minecraft:textures/atlas/shulker_boxes.png-atlas
[30Sep2026 12:07:13.811] [Render thread/INFO] [net.neoforged.neoforge.client.entity.animation.json.AnimationLoader/]: Loaded 0 entity animations
[30Sep2026 12:07:13.825] [Netty Kqueue IO #1/WARN] [net.neoforged.fml.config.ConfigTracker/]: Overwriting non-null config LoadedConfig[config=SynchronizedConfig{DataHolder:{removeErroringBlockEntities=false, removeErroringEntities=false, fullBoundingBoxLadders=false, permissionHandler=neoforge:default_handler, advertiseDedicatedServerToLan=true}}, path=null, modConfig=net.neoforged.fml.config.ModConfig@6c78ad25] at path neoforge-server.toml with default server config
[30Sep2026 12:07:14.650] [Render thread/INFO] [net.minecraft.client.gui.components.ChatComponent/]: [System] [CHAT] Dev joined the game
[30Sep2026 12:07:14.651] [Render thread/WARN] [net.minecraft.client.multiplayer.ClientPacketListener/]: Ignoring chat session from Dev due to missing Services public key
[30Sep2026 12:07:14.651] [Render thread/INFO] [net.minecraft.advancements.AdvancementTree/]: Loaded 2 advancements
[30Sep2026 12:07:19.830] [Render thread/INFO] [net.minecraft.client.renderer.DynamicUniformStorage/]: Resizing Chunk Sections UBO, capacity limit of 256 reached during a single frame. New capacity will be 512.
[30Sep2026 12:08:53.279] [Render thread/INFO] [net.minecraft.client.gui.components.ChatComponent/]: [System] [CHAT] [Debug]: Advanced tooltips: shown
[30Sep2026 12:09:00.767] [Render thread/INFO] [net.minecraft.client.gui.components.ChatComponent/]: [System] [CHAT] [Server: Made Dev a server operator]
[30Sep2026 12:09:07.530] [Render thread/INFO] [net.minecraft.client.gui.components.ChatComponent/]: [System] [CHAT] Gave 1 [Paper Lamp] to Dev
[30Sep2026 12:09:07.562] [Render thread/INFO] [net.minecraft.advancements.AdvancementTree/]: Loaded 3 advancements
[30Sep2026 12:09:12.311] [Render thread/INFO] [net.minecraft.server.packs.resources.ReloadableResourceManager/]: Reloading ResourceManager: vanilla, mod_resources, mod/spoutcraft, mod/neoforge
[30Sep2026 12:09:12.353] [resourceLoad/INFO] [net.minecraft.client.gui.font.providers.UnihexProvider/]: Found unifont_pua-17.0.01.hex, loading
[30Sep2026 12:09:12.353] [resourceLoad/INFO] [net.minecraft.client.gui.font.providers.UnihexProvider/]: Found unifont_all_no_pua-17.0.01.hex, loading
[30Sep2026 12:09:12.381] [resourceLoad/INFO] [net.minecraft.client.gui.font.providers.UnihexProvider/]: Found unifont_jp_patch-17.0.01.hex, loading
[30Sep2026 12:09:12.576] [Render thread/INFO] [com.mojang.blaze3d.opengl.GlProgram/]: Info log when linking program containing VS minecraft:core/rendertype_entity_shadow and FS minecraft:core/rendertype_entity_shadow. Log output: WARNING: Could not find vertex shader attribute 'UV1' to match BindAttributeLocation request.
WARNING: Could not find vertex shader attribute 'Normal' to match BindAttributeLocation request.
WARNING: Could not find vertex shader attribute 'UV2' to match BindAttributeLocation request.

[30Sep2026 12:09:12.582] [Render thread/INFO] [com.mojang.blaze3d.opengl.GlProgram/]: Info log when linking program containing VS minecraft:core/entity and FS minecraft:core/entity. Log output: WARNING: Could not find vertex shader attribute 'UV1' to match BindAttributeLocation request.

[30Sep2026 12:09:12.589] [Render thread/INFO] [com.mojang.blaze3d.opengl.GlProgram/]: Info log when linking program containing VS minecraft:core/entity and FS minecraft:core/entity. Log output: WARNING: Could not find vertex shader attribute 'UV1' to match BindAttributeLocation request.

[30Sep2026 12:09:12.598] [Render thread/INFO] [com.mojang.blaze3d.opengl.GlProgram/]: Info log when linking program containing VS neoforge:core/item_unlit and FS minecraft:core/item. Log output: WARNING: Could not find vertex shader attribute 'UV1' to match BindAttributeLocation request.
WARNING: Could not find vertex shader attribute 'Normal' to match BindAttributeLocation request.
WARNING: Could not find vertex shader attribute 'UV2' to match BindAttributeLocation request.

[30Sep2026 12:09:12.609] [Render thread/INFO] [com.mojang.blaze3d.opengl.GlProgram/]: Info log when linking program containing VS minecraft:core/rendertype_text_intensity_see_through and FS minecraft:core/rendertype_text_intensity_see_through. Log output: WARNING: Could not find vertex shader attribute 'UV2' to match BindAttributeLocation request.

[30Sep2026 12:09:12.613] [Render thread/INFO] [com.mojang.blaze3d.opengl.GlProgram/]: Info log when linking program containing VS minecraft:core/animate_sprite and FS minecraft:core/animate_sprite_blit. Log output: WARNING: Output of vertex shader 'fAnimationProgress' not read by fragment shader

[30Sep2026 12:09:12.615] [Render thread/INFO] [com.mojang.blaze3d.opengl.GlProgram/]: Info log when linking program containing VS minecraft:core/rendertype_text_see_through and FS minecraft:core/rendertype_text_see_through. Log output: WARNING: Could not find vertex shader attribute 'UV2' to match BindAttributeLocation request.

[30Sep2026 12:09:12.633] [Render thread/INFO] [com.mojang.blaze3d.opengl.GlProgram/]: Info log when linking program containing VS minecraft:core/item and FS minecraft:core/item. Log output: WARNING: Could not find vertex shader attribute 'UV1' to match BindAttributeLocation request.

[30Sep2026 12:09:12.636] [Render thread/INFO] [com.mojang.blaze3d.opengl.GlProgram/]: Info log when linking program containing VS minecraft:core/entity and FS minecraft:core/entity. Log output: WARNING: Could not find vertex shader attribute 'Normal' to match BindAttributeLocation request.

[30Sep2026 12:09:12.639] [Render thread/INFO] [com.mojang.blaze3d.opengl.GlProgram/]: Info log when linking program containing VS minecraft:core/item and FS minecraft:core/item. Log output: WARNING: Could not find vertex shader attribute 'UV1' to match BindAttributeLocation request.

[30Sep2026 12:09:12.647] [Render thread/INFO] [com.mojang.blaze3d.opengl.GlProgram/]: Info log when linking program containing VS minecraft:core/rendertype_beacon_beam and FS minecraft:core/rendertype_beacon_beam. Log output: WARNING: Could not find vertex shader attribute 'UV2' to match BindAttributeLocation request.

[30Sep2026 12:09:12.651] [Render thread/INFO] [com.mojang.blaze3d.opengl.GlProgram/]: Info log when linking program containing VS minecraft:core/rendertype_text_background_see_through and FS minecraft:core/rendertype_text_background_see_through. Log output: WARNING: Could not find vertex shader attribute 'UV2' to match BindAttributeLocation request.

[30Sep2026 12:09:12.655] [Render thread/INFO] [com.mojang.blaze3d.opengl.GlProgram/]: Info log when linking program containing VS minecraft:core/entity and FS minecraft:core/entity. Log output: WARNING: Could not find vertex shader attribute 'UV1' to match BindAttributeLocation request.
WARNING: Could not find vertex shader attribute 'Normal' to match BindAttributeLocation request.
WARNING: Could not find vertex shader attribute 'UV2' to match BindAttributeLocation request.

[30Sep2026 12:09:12.658] [Render thread/INFO] [com.mojang.blaze3d.opengl.GlProgram/]: Info log when linking program containing VS minecraft:core/entity and FS minecraft:core/entity. Log output: WARNING: Could not find vertex shader attribute 'UV1' to match BindAttributeLocation request.
WARNING: Could not find vertex shader attribute 'Normal' to match BindAttributeLocation request.

[30Sep2026 12:09:12.667] [Render thread/INFO] [com.mojang.blaze3d.opengl.GlProgram/]: Info log when linking program containing VS minecraft:core/entity and FS minecraft:core/entity. Log output: WARNING: Could not find vertex shader attribute 'UV1' to match BindAttributeLocation request.

[30Sep2026 12:09:12.668] [Render thread/INFO] [com.mojang.blaze3d.opengl.GlProgram/]: Info log when linking program containing VS minecraft:core/entity and FS minecraft:core/entity. Log output: WARNING: Could not find vertex shader attribute 'UV1' to match BindAttributeLocation request.

[30Sep2026 12:09:12.672] [Render thread/INFO] [com.mojang.blaze3d.opengl.GlProgram/]: Info log when linking program containing VS neoforge:core/item_unlit and FS minecraft:core/item. Log output: WARNING: Could not find vertex shader attribute 'UV1' to match BindAttributeLocation request.
WARNING: Could not find vertex shader attribute 'Normal' to match BindAttributeLocation request.
WARNING: Could not find vertex shader attribute 'UV2' to match BindAttributeLocation request.

[30Sep2026 12:09:12.677] [Render thread/INFO] [com.mojang.blaze3d.opengl.GlProgram/]: Info log when linking program containing VS minecraft:core/rendertype_beacon_beam and FS minecraft:core/rendertype_beacon_beam. Log output: WARNING: Could not find vertex shader attribute 'UV2' to match BindAttributeLocation request.

[30Sep2026 12:09:12.682] [Render thread/INFO] [com.mojang.blaze3d.opengl.GlProgram/]: Info log when linking program containing VS minecraft:core/entity and FS minecraft:core/entity. Log output: WARNING: Could not find vertex shader attribute 'UV1' to match BindAttributeLocation request.

[30Sep2026 12:09:12.684] [Render thread/INFO] [com.mojang.blaze3d.opengl.GlProgram/]: Info log when linking program containing VS minecraft:core/entity and FS minecraft:core/entity. Log output: WARNING: Could not find vertex shader attribute 'UV1' to match BindAttributeLocation request.
WARNING: Could not find vertex shader attribute 'Normal' to match BindAttributeLocation request.
WARNING: Could not find vertex shader attribute 'UV2' to match BindAttributeLocation request.

[30Sep2026 12:09:12.687] [Render thread/INFO] [com.mojang.blaze3d.opengl.GlProgram/]: Info log when linking program containing VS minecraft:core/entity and FS minecraft:core/entity. Log output: WARNING: Could not find vertex shader attribute 'UV2' to match BindAttributeLocation request.

[30Sep2026 12:09:12.689] [Render thread/INFO] [com.mojang.blaze3d.opengl.GlProgram/]: Info log when linking program containing VS minecraft:core/rendertype_crumbling and FS minecraft:core/rendertype_crumbling. Log output: WARNING: Could not find vertex shader attribute 'UV2' to match BindAttributeLocation request.

[30Sep2026 12:09:12.754] [Render thread/INFO] [com.mojang.blaze3d.audio.Library/]: OpenAL initialized on device MacBook Pro Speakers
[30Sep2026 12:09:12.754] [Render thread/INFO] [net.minecraft.client.sounds.SoundEngine/SOUNDS]: Sound engine started
[30Sep2026 12:09:12.754] [Render thread/INFO] [net.minecraft.client.renderer.texture.TextureAtlas/]: Created: 512x256x0 minecraft:textures/atlas/particles.png-atlas
[30Sep2026 12:09:12.758] [Render thread/INFO] [net.minecraft.client.renderer.texture.TextureAtlas/]: Created: 128x128x0 minecraft:textures/atlas/decorated_pot.png-atlas
[30Sep2026 12:09:12.763] [Render thread/INFO] [net.minecraft.client.renderer.texture.TextureAtlas/]: Created: 2048x1024x0 minecraft:textures/atlas/armor_trims.png-atlas
[30Sep2026 12:09:12.772] [Render thread/INFO] [net.minecraft.client.renderer.texture.TextureAtlas/]: Created: 512x256x0 minecraft:textures/atlas/paintings.png-atlas
[30Sep2026 12:09:12.773] [Render thread/INFO] [net.minecraft.client.renderer.texture.TextureAtlas/]: Created: 1024x512x0 minecraft:textures/atlas/shield_patterns.png-atlas
[30Sep2026 12:09:12.774] [Render thread/INFO] [net.minecraft.client.renderer.texture.TextureAtlas/]: Created: 2048x2048x4 minecraft:textures/atlas/blocks.png-atlas
[30Sep2026 12:09:12.810] [Render thread/INFO] [net.minecraft.client.renderer.texture.TextureAtlas/]: Created: 512x512x0 minecraft:textures/atlas/chest.png-atlas
[30Sep2026 12:09:12.811] [Render thread/INFO] [net.minecraft.client.renderer.texture.TextureAtlas/]: Created: 256x128x0 minecraft:textures/atlas/celestials.png-atlas
[30Sep2026 12:09:12.811] [Render thread/INFO] [net.minecraft.client.renderer.texture.TextureAtlas/]: Created: 1024x512x0 minecraft:textures/atlas/banner_patterns.png-atlas
[30Sep2026 12:09:12.812] [Render thread/INFO] [net.minecraft.client.renderer.texture.TextureAtlas/]: Created: 512x512x0 minecraft:textures/atlas/beds.png-atlas
[30Sep2026 12:09:12.812] [Render thread/INFO] [net.minecraft.client.renderer.texture.TextureAtlas/]: Created: 1024x512x0 minecraft:textures/atlas/items.png-atlas
[30Sep2026 12:09:12.820] [Render thread/INFO] [net.minecraft.client.renderer.texture.TextureAtlas/]: Created: 1024x1024x0 minecraft:textures/atlas/gui.png-atlas
[30Sep2026 12:09:12.825] [Render thread/INFO] [net.minecraft.client.renderer.texture.TextureAtlas/]: Created: 128x64x0 minecraft:textures/atlas/map_decorations.png-atlas
[30Sep2026 12:09:12.826] [Render thread/INFO] [net.minecraft.client.renderer.texture.TextureAtlas/]: Created: 512x256x0 minecraft:textures/atlas/signs.png-atlas
[30Sep2026 12:09:12.826] [Render thread/INFO] [net.minecraft.client.renderer.texture.TextureAtlas/]: Created: 512x512x0 minecraft:textures/atlas/shulker_boxes.png-atlas
[30Sep2026 12:09:12.875] [Render thread/INFO] [net.neoforged.neoforge.client.entity.animation.json.AnimationLoader/]: Loaded 0 entity animations
[30Sep2026 12:09:18.010] [Render thread/INFO] [net.minecraft.world.item.crafting.RecipeManager/]: Loaded 1515 recipes
[30Sep2026 12:09:18.014] [Render thread/INFO] [net.minecraft.advancements.AdvancementTree/]: Loaded 1617 advancements
[30Sep2026 12:09:18.015] [Render thread/INFO] [net.neoforged.neoforge.common.crafting.RecipePriorityManager/]: Loaded 0 recipe priority overrides
[30Sep2026 12:09:18.042] [Server thread/INFO] [net.minecraft.client.server.IntegratedServer/]: Starting integrated minecraft server version 26.1.2
[30Sep2026 12:09:18.043] [Server thread/INFO] [net.minecraft.server.MinecraftServer/]: Generating keypair
[30Sep2026 12:09:18.086] [Server thread/INFO] [net.minecraft.server.level.progress.LoggingLevelLoadListener/]: Loading 0 persistent chunks...
[30Sep2026 12:09:18.101] [Server thread/INFO] [net.minecraft.server.MinecraftServer/]: Saving chunks for level 'ServerLevel[New World]'/minecraft:overworld
[30Sep2026 12:09:18.119] [Server thread/INFO] [net.minecraft.server.MinecraftServer/]: Saving chunks for level 'ServerLevel[New World]'/minecraft:the_end
[30Sep2026 12:09:18.129] [Server thread/INFO] [net.minecraft.server.MinecraftServer/]: Saving chunks for level 'ServerLevel[New World]'/minecraft:the_nether
[30Sep2026 12:09:18.145] [Server thread/INFO] [net.minecraft.server.MinecraftServer/]: ThreadedAnvilChunkStorage (world): All chunks are saved
[30Sep2026 12:09:18.146] [Server thread/INFO] [net.minecraft.server.MinecraftServer/]: ThreadedAnvilChunkStorage (DIM1): All chunks are saved
[30Sep2026 12:09:18.146] [Server thread/INFO] [net.minecraft.server.MinecraftServer/]: ThreadedAnvilChunkStorage (DIM-1): All chunks are saved
[30Sep2026 12:09:18.146] [Server thread/INFO] [net.minecraft.server.MinecraftServer/]: ThreadedAnvilChunkStorage: All dimensions are saved
[30Sep2026 12:09:18.146] [Server thread/INFO] [net.neoforged.neoforge.server.permission.PermissionAPI/]: Successfully initialized permission handler neoforge:default_handler
[30Sep2026 12:09:18.405] [Server thread/INFO] [net.minecraft.server.level.progress.LoggingLevelLoadListener/]: Loading 49 chunks for player spawn...
[30Sep2026 12:09:18.405] [Server thread/INFO] [net.minecraft.server.level.progress.LoggingLevelLoadListener/]: Preparing spawn area: 16%
[30Sep2026 12:09:18.604] [Server thread/INFO] [net.minecraft.server.level.progress.LoggingLevelLoadListener/]: Preparing spawn area: 16%
[30Sep2026 12:09:19.106] [Server thread/INFO] [net.minecraft.server.level.progress.LoggingLevelLoadListener/]: Preparing spawn area: 16%
[30Sep2026 12:09:19.250] [Server thread/INFO] [net.minecraft.server.level.progress.LoggingLevelLoadListener/]: Time elapsed: 1164 ms
[30Sep2026 12:09:19.311] [Server thread/INFO] [net.minecraft.server.players.PlayerList/]: Dev[local:E:02dc961a] logged in with entity id 1593 at (-20.5, 78.0, 25.5)
[30Sep2026 12:09:19.316] [Server thread/INFO] [net.minecraft.server.MinecraftServer/]: Dev joined the game
[30Sep2026 12:09:19.327] [Server thread/INFO] [net.minecraft.client.server.IntegratedServer/]: Changing view distance to 16, from 10
[30Sep2026 12:09:19.328] [Server thread/INFO] [net.minecraft.client.server.IntegratedServer/]: Changing simulation distance to 12, from 0
[30Sep2026 12:09:19.341] [Render thread/WARN] [net.minecraft.client.multiplayer.ClientPacketListener/]: Ignoring chat session from Dev due to missing Services public key
[30Sep2026 12:09:19.342] [Render thread/INFO] [net.minecraft.advancements.AdvancementTree/]: Loaded 2 advancements
[30Sep2026 12:09:19.357] [Render thread/WARN] [net.minecraft.client.resources.model.ModelManager/]: Missing item model for location chinese_mythology_mashup:lit_paper_lamp
[30Sep2026 12:09:22.949] [Server thread/INFO] [net.minecraft.client.server.IntegratedServer/]: Saving and pausing game...
[30Sep2026 12:09:22.953] [Server thread/INFO] [net.minecraft.server.MinecraftServer/]: Saving chunks for level 'ServerLevel[New World]'/minecraft:overworld
[30Sep2026 12:09:22.962] [Server thread/INFO] [net.minecraft.server.MinecraftServer/]: Saving chunks for level 'ServerLevel[New World]'/minecraft:the_end
[30Sep2026 12:09:22.967] [Server thread/INFO] [net.minecraft.server.MinecraftServer/]: Saving chunks for level 'ServerLevel[New World]'/minecraft:the_nether
[30Sep2026 12:09:23.650] [Server thread/INFO] [net.minecraft.server.MinecraftServer/]: Stopping server
[30Sep2026 12:09:23.650] [Server thread/INFO] [net.minecraft.server.MinecraftServer/]: Saving players
[30Sep2026 12:09:23.652] [Server thread/INFO] [net.minecraft.server.network.ServerGamePacketListenerImpl/]: Dev lost connection: Disconnected
[30Sep2026 12:09:23.652] [Server thread/INFO] [net.minecraft.server.MinecraftServer/]: Dev left the game
[30Sep2026 12:09:23.654] [Server thread/INFO] [net.minecraft.server.network.ServerCommonPacketListenerImpl/]: Stopping singleplayer server as player logged out
[30Sep2026 12:09:23.654] [Server thread/INFO] [net.minecraft.server.MinecraftServer/]: Saving worlds
[30Sep2026 12:09:24.526] [Server thread/INFO] [net.minecraft.server.MinecraftServer/]: Saving chunks for level 'ServerLevel[New World]'/minecraft:overworld
[30Sep2026 12:09:25.136] [Server thread/INFO] [net.minecraft.server.MinecraftServer/]: Saving chunks for level 'ServerLevel[New World]'/minecraft:the_end
[30Sep2026 12:09:25.145] [Server thread/INFO] [net.minecraft.server.MinecraftServer/]: Saving chunks for level 'ServerLevel[New World]'/minecraft:the_nether
[30Sep2026 12:09:25.155] [Server thread/INFO] [net.minecraft.server.MinecraftServer/]: ThreadedAnvilChunkStorage (world): All chunks are saved
[30Sep2026 12:09:25.155] [Server thread/INFO] [net.minecraft.server.MinecraftServer/]: ThreadedAnvilChunkStorage (DIM1): All chunks are saved
[30Sep2026 12:09:25.155] [Server thread/INFO] [net.minecraft.server.MinecraftServer/]: ThreadedAnvilChunkStorage (DIM-1): All chunks are saved
[30Sep2026 12:09:25.155] [Server thread/INFO] [net.minecraft.server.MinecraftServer/]: ThreadedAnvilChunkStorage: All dimensions are saved
[30Sep2026 12:09:26.967] [Render thread/INFO] [net.minecraft.client.gui.screens.ConnectScreen/]: Connecting to localhost, 25565
[30Sep2026 12:09:27.051] [Render thread/WARN] [net.neoforged.fml.config.ConfigTracker/]: Overwriting non-null config LoadedConfig[config=SynchronizedConfig{DataHolder:{removeErroringBlockEntities=false, removeErroringEntities=false, fullBoundingBoxLadders=false, permissionHandler=neoforge:default_handler, advertiseDedicatedServerToLan=true}}, path=null, modConfig=net.neoforged.fml.config.ModConfig@6c78ad25] at path neoforge-server.toml with default server config
[30Sep2026 12:09:27.136] [download-queue/INFO] [net.minecraft.util.HttpUtil/]: Returning cached file since actual hash matches requested
[30Sep2026 12:09:27.152] [Render thread/INFO] [net.minecraft.server.packs.resources.ReloadableResourceManager/]: Reloading ResourceManager: vanilla, mod_resources, mod/spoutcraft, mod/neoforge, server/00000001/09faa947-2e68-375a-b8eb-2902160633f7
[30Sep2026 12:09:27.170] [resourceLoad/INFO] [net.minecraft.client.gui.font.providers.UnihexProvider/]: Found unifont_pua-17.0.01.hex, loading
[30Sep2026 12:09:27.170] [resourceLoad/INFO] [net.minecraft.client.gui.font.providers.UnihexProvider/]: Found unifont_all_no_pua-17.0.01.hex, loading
[30Sep2026 12:09:27.183] [resourceLoad/INFO] [net.minecraft.client.gui.font.providers.UnihexProvider/]: Found unifont_jp_patch-17.0.01.hex, loading
[30Sep2026 12:09:27.427] [Render thread/INFO] [com.mojang.blaze3d.opengl.GlProgram/]: Info log when linking program containing VS minecraft:core/rendertype_entity_shadow and FS minecraft:core/rendertype_entity_shadow. Log output: WARNING: Could not find vertex shader attribute 'UV1' to match BindAttributeLocation request.
WARNING: Could not find vertex shader attribute 'Normal' to match BindAttributeLocation request.
WARNING: Could not find vertex shader attribute 'UV2' to match BindAttributeLocation request.

[30Sep2026 12:09:27.432] [Render thread/INFO] [com.mojang.blaze3d.opengl.GlProgram/]: Info log when linking program containing VS minecraft:core/entity and FS minecraft:core/entity. Log output: WARNING: Could not find vertex shader attribute 'UV1' to match BindAttributeLocation request.

[30Sep2026 12:09:27.438] [Render thread/INFO] [com.mojang.blaze3d.opengl.GlProgram/]: Info log when linking program containing VS minecraft:core/entity and FS minecraft:core/entity. Log output: WARNING: Could not find vertex shader attribute 'UV1' to match BindAttributeLocation request.

[30Sep2026 12:09:27.447] [Render thread/INFO] [com.mojang.blaze3d.opengl.GlProgram/]: Info log when linking program containing VS neoforge:core/item_unlit and FS minecraft:core/item. Log output: WARNING: Could not find vertex shader attribute 'UV1' to match BindAttributeLocation request.
WARNING: Could not find vertex shader attribute 'Normal' to match BindAttributeLocation request.
WARNING: Could not find vertex shader attribute 'UV2' to match BindAttributeLocation request.

[30Sep2026 12:09:27.458] [Render thread/INFO] [com.mojang.blaze3d.opengl.GlProgram/]: Info log when linking program containing VS minecraft:core/rendertype_text_intensity_see_through and FS minecraft:core/rendertype_text_intensity_see_through. Log output: WARNING: Could not find vertex shader attribute 'UV2' to match BindAttributeLocation request.

[30Sep2026 12:09:27.462] [Render thread/INFO] [com.mojang.blaze3d.opengl.GlProgram/]: Info log when linking program containing VS minecraft:core/animate_sprite and FS minecraft:core/animate_sprite_blit. Log output: WARNING: Output of vertex shader 'fAnimationProgress' not read by fragment shader

[30Sep2026 12:09:27.463] [Render thread/INFO] [com.mojang.blaze3d.opengl.GlProgram/]: Info log when linking program containing VS minecraft:core/rendertype_text_see_through and FS minecraft:core/rendertype_text_see_through. Log output: WARNING: Could not find vertex shader attribute 'UV2' to match BindAttributeLocation request.

[30Sep2026 12:09:27.481] [Render thread/INFO] [com.mojang.blaze3d.opengl.GlProgram/]: Info log when linking program containing VS minecraft:core/item and FS minecraft:core/item. Log output: WARNING: Could not find vertex shader attribute 'UV1' to match BindAttributeLocation request.

[30Sep2026 12:09:27.483] [Render thread/INFO] [com.mojang.blaze3d.opengl.GlProgram/]: Info log when linking program containing VS minecraft:core/entity and FS minecraft:core/entity. Log output: WARNING: Could not find vertex shader attribute 'Normal' to match BindAttributeLocation request.

[30Sep2026 12:09:27.487] [Render thread/INFO] [com.mojang.blaze3d.opengl.GlProgram/]: Info log when linking program containing VS minecraft:core/item and FS minecraft:core/item. Log output: WARNING: Could not find vertex shader attribute 'UV1' to match BindAttributeLocation request.

[30Sep2026 12:09:27.495] [Render thread/INFO] [com.mojang.blaze3d.opengl.GlProgram/]: Info log when linking program containing VS minecraft:core/rendertype_beacon_beam and FS minecraft:core/rendertype_beacon_beam. Log output: WARNING: Could not find vertex shader attribute 'UV2' to match BindAttributeLocation request.

[30Sep2026 12:09:27.498] [Render thread/INFO] [com.mojang.blaze3d.opengl.GlProgram/]: Info log when linking program containing VS minecraft:core/rendertype_text_background_see_through and FS minecraft:core/rendertype_text_background_see_through. Log output: WARNING: Could not find vertex shader attribute 'UV2' to match BindAttributeLocation request.

[30Sep2026 12:09:27.503] [Render thread/INFO] [com.mojang.blaze3d.opengl.GlProgram/]: Info log when linking program containing VS minecraft:core/entity and FS minecraft:core/entity. Log output: WARNING: Could not find vertex shader attribute 'UV1' to match BindAttributeLocation request.
WARNING: Could not find vertex shader attribute 'Normal' to match BindAttributeLocation request.
WARNING: Could not find vertex shader attribute 'UV2' to match BindAttributeLocation request.

[30Sep2026 12:09:27.505] [Render thread/INFO] [com.mojang.blaze3d.opengl.GlProgram/]: Info log when linking program containing VS minecraft:core/entity and FS minecraft:core/entity. Log output: WARNING: Could not find vertex shader attribute 'UV1' to match BindAttributeLocation request.
WARNING: Could not find vertex shader attribute 'Normal' to match BindAttributeLocation request.

[30Sep2026 12:09:27.514] [Render thread/INFO] [com.mojang.blaze3d.opengl.GlProgram/]: Info log when linking program containing VS minecraft:core/entity and FS minecraft:core/entity. Log output: WARNING: Could not find vertex shader attribute 'UV1' to match BindAttributeLocation request.

[30Sep2026 12:09:27.515] [Render thread/INFO] [com.mojang.blaze3d.opengl.GlProgram/]: Info log when linking program containing VS minecraft:core/entity and FS minecraft:core/entity. Log output: WARNING: Could not find vertex shader attribute 'UV1' to match BindAttributeLocation request.

[30Sep2026 12:09:27.518] [Render thread/INFO] [com.mojang.blaze3d.opengl.GlProgram/]: Info log when linking program containing VS neoforge:core/item_unlit and FS minecraft:core/item. Log output: WARNING: Could not find vertex shader attribute 'UV1' to match BindAttributeLocation request.
WARNING: Could not find vertex shader attribute 'Normal' to match BindAttributeLocation request.
WARNING: Could not find vertex shader attribute 'UV2' to match BindAttributeLocation request.

[30Sep2026 12:09:27.522] [Render thread/INFO] [com.mojang.blaze3d.opengl.GlProgram/]: Info log when linking program containing VS minecraft:core/rendertype_beacon_beam and FS minecraft:core/rendertype_beacon_beam. Log output: WARNING: Could not find vertex shader attribute 'UV2' to match BindAttributeLocation request.

[30Sep2026 12:09:27.527] [Render thread/INFO] [com.mojang.blaze3d.opengl.GlProgram/]: Info log when linking program containing VS minecraft:core/entity and FS minecraft:core/entity. Log output: WARNING: Could not find vertex shader attribute 'UV1' to match BindAttributeLocation request.

[30Sep2026 12:09:27.529] [Render thread/INFO] [com.mojang.blaze3d.opengl.GlProgram/]: Info log when linking program containing VS minecraft:core/entity and FS minecraft:core/entity. Log output: WARNING: Could not find vertex shader attribute 'UV1' to match BindAttributeLocation request.
WARNING: Could not find vertex shader attribute 'Normal' to match BindAttributeLocation request.
WARNING: Could not find vertex shader attribute 'UV2' to match BindAttributeLocation request.

[30Sep2026 12:09:27.532] [Render thread/INFO] [com.mojang.blaze3d.opengl.GlProgram/]: Info log when linking program containing VS minecraft:core/entity and FS minecraft:core/entity. Log output: WARNING: Could not find vertex shader attribute 'UV2' to match BindAttributeLocation request.

[30Sep2026 12:09:27.534] [Render thread/INFO] [com.mojang.blaze3d.opengl.GlProgram/]: Info log when linking program containing VS minecraft:core/rendertype_crumbling and FS minecraft:core/rendertype_crumbling. Log output: WARNING: Could not find vertex shader attribute 'UV2' to match BindAttributeLocation request.

[30Sep2026 12:09:27.596] [Render thread/INFO] [com.mojang.blaze3d.audio.Library/]: OpenAL initialized on device MacBook Pro Speakers
[30Sep2026 12:09:27.597] [Render thread/INFO] [net.minecraft.client.sounds.SoundEngine/SOUNDS]: Sound engine started
[30Sep2026 12:09:27.597] [Render thread/INFO] [net.minecraft.client.renderer.texture.TextureAtlas/]: Created: 512x256x0 minecraft:textures/atlas/particles.png-atlas
[30Sep2026 12:09:27.600] [Render thread/INFO] [net.minecraft.client.renderer.texture.TextureAtlas/]: Created: 128x128x0 minecraft:textures/atlas/decorated_pot.png-atlas
[30Sep2026 12:09:27.605] [Render thread/INFO] [net.minecraft.client.renderer.texture.TextureAtlas/]: Created: 2048x1024x0 minecraft:textures/atlas/armor_trims.png-atlas
[30Sep2026 12:09:27.612] [Render thread/INFO] [net.minecraft.client.renderer.texture.TextureAtlas/]: Created: 512x256x0 minecraft:textures/atlas/paintings.png-atlas
[30Sep2026 12:09:27.613] [Render thread/INFO] [net.minecraft.client.renderer.texture.TextureAtlas/]: Created: 1024x512x0 minecraft:textures/atlas/shield_patterns.png-atlas
[30Sep2026 12:09:27.614] [Render thread/INFO] [net.minecraft.client.renderer.texture.TextureAtlas/]: Created: 2048x2048x4 minecraft:textures/atlas/blocks.png-atlas
[30Sep2026 12:09:27.649] [Render thread/INFO] [net.minecraft.client.renderer.texture.TextureAtlas/]: Created: 512x512x0 minecraft:textures/atlas/chest.png-atlas
[30Sep2026 12:09:27.650] [Render thread/INFO] [net.minecraft.client.renderer.texture.TextureAtlas/]: Created: 256x128x0 minecraft:textures/atlas/celestials.png-atlas
[30Sep2026 12:09:27.650] [Render thread/INFO] [net.minecraft.client.renderer.texture.TextureAtlas/]: Created: 1024x512x0 minecraft:textures/atlas/banner_patterns.png-atlas
[30Sep2026 12:09:27.651] [Render thread/INFO] [net.minecraft.client.renderer.texture.TextureAtlas/]: Created: 512x512x0 minecraft:textures/atlas/beds.png-atlas
[30Sep2026 12:09:27.651] [Render thread/INFO] [net.minecraft.client.renderer.texture.TextureAtlas/]: Created: 1024x512x0 minecraft:textures/atlas/items.png-atlas
[30Sep2026 12:09:27.659] [Render thread/INFO] [net.minecraft.client.renderer.texture.TextureAtlas/]: Created: 1024x1024x0 minecraft:textures/atlas/gui.png-atlas
[30Sep2026 12:09:27.664] [Render thread/INFO] [net.minecraft.client.renderer.texture.TextureAtlas/]: Created: 128x64x0 minecraft:textures/atlas/map_decorations.png-atlas
[30Sep2026 12:09:27.664] [Render thread/INFO] [net.minecraft.client.renderer.texture.TextureAtlas/]: Created: 512x256x0 minecraft:textures/atlas/signs.png-atlas
[30Sep2026 12:09:27.665] [Render thread/INFO] [net.minecraft.client.renderer.texture.TextureAtlas/]: Created: 512x512x0 minecraft:textures/atlas/shulker_boxes.png-atlas
[30Sep2026 12:09:27.726] [Render thread/INFO] [net.neoforged.neoforge.client.entity.animation.json.AnimationLoader/]: Loaded 0 entity animations
[30Sep2026 12:09:28.170] [Netty Kqueue IO #4/WARN] [net.neoforged.fml.config.ConfigTracker/]: Overwriting non-null config LoadedConfig[config=SynchronizedConfig{DataHolder:{removeErroringBlockEntities=false, removeErroringEntities=false, fullBoundingBoxLadders=false, permissionHandler=neoforge:default_handler, advertiseDedicatedServerToLan=true}}, path=null, modConfig=net.neoforged.fml.config.ModConfig@6c78ad25] at path neoforge-server.toml with default server config
[30Sep2026 12:09:28.309] [Render thread/INFO] [net.minecraft.client.gui.components.ChatComponent/]: [System] [CHAT] Dev joined the game
[30Sep2026 12:09:28.309] [Render thread/WARN] [net.minecraft.client.multiplayer.ClientPacketListener/]: Ignoring chat session from Dev due to missing Services public key
[30Sep2026 12:09:28.312] [Render thread/INFO] [net.minecraft.advancements.AdvancementTree/]: Loaded 3 advancements
[30Sep2026 12:09:30.816] [Render thread/INFO] [net.minecraft.server.packs.resources.ReloadableResourceManager/]: Reloading ResourceManager: vanilla, mod_resources, mod/spoutcraft, mod/neoforge
[30Sep2026 12:09:30.834] [resourceLoad/INFO] [net.minecraft.client.gui.font.providers.UnihexProvider/]: Found unifont_pua-17.0.01.hex, loading
[30Sep2026 12:09:30.834] [resourceLoad/INFO] [net.minecraft.client.gui.font.providers.UnihexProvider/]: Found unifont_all_no_pua-17.0.01.hex, loading
[30Sep2026 12:09:30.859] [resourceLoad/INFO] [net.minecraft.client.gui.font.providers.UnihexProvider/]: Found unifont_jp_patch-17.0.01.hex, loading
[30Sep2026 12:09:31.001] [Render thread/INFO] [com.mojang.blaze3d.opengl.GlProgram/]: Info log when linking program containing VS minecraft:core/rendertype_entity_shadow and FS minecraft:core/rendertype_entity_shadow. Log output: WARNING: Could not find vertex shader attribute 'UV1' to match BindAttributeLocation request.
WARNING: Could not find vertex shader attribute 'Normal' to match BindAttributeLocation request.
WARNING: Could not find vertex shader attribute 'UV2' to match BindAttributeLocation request.

[30Sep2026 12:09:31.007] [Render thread/INFO] [com.mojang.blaze3d.opengl.GlProgram/]: Info log when linking program containing VS minecraft:core/entity and FS minecraft:core/entity. Log output: WARNING: Could not find vertex shader attribute 'UV1' to match BindAttributeLocation request.

[30Sep2026 12:09:31.012] [Render thread/INFO] [com.mojang.blaze3d.opengl.GlProgram/]: Info log when linking program containing VS minecraft:core/entity and FS minecraft:core/entity. Log output: WARNING: Could not find vertex shader attribute 'UV1' to match BindAttributeLocation request.

[30Sep2026 12:09:31.021] [Render thread/INFO] [com.mojang.blaze3d.opengl.GlProgram/]: Info log when linking program containing VS neoforge:core/item_unlit and FS minecraft:core/item. Log output: WARNING: Could not find vertex shader attribute 'UV1' to match BindAttributeLocation request.
WARNING: Could not find vertex shader attribute 'Normal' to match BindAttributeLocation request.
WARNING: Could not find vertex shader attribute 'UV2' to match BindAttributeLocation request.

[30Sep2026 12:09:31.032] [Render thread/INFO] [com.mojang.blaze3d.opengl.GlProgram/]: Info log when linking program containing VS minecraft:core/rendertype_text_intensity_see_through and FS minecraft:core/rendertype_text_intensity_see_through. Log output: WARNING: Could not find vertex shader attribute 'UV2' to match BindAttributeLocation request.

[30Sep2026 12:09:31.036] [Render thread/INFO] [com.mojang.blaze3d.opengl.GlProgram/]: Info log when linking program containing VS minecraft:core/animate_sprite and FS minecraft:core/animate_sprite_blit. Log output: WARNING: Output of vertex shader 'fAnimationProgress' not read by fragment shader

[30Sep2026 12:09:31.037] [Render thread/INFO] [com.mojang.blaze3d.opengl.GlProgram/]: Info log when linking program containing VS minecraft:core/rendertype_text_see_through and FS minecraft:core/rendertype_text_see_through. Log output: WARNING: Could not find vertex shader attribute 'UV2' to match BindAttributeLocation request.

[30Sep2026 12:09:31.055] [Render thread/INFO] [com.mojang.blaze3d.opengl.GlProgram/]: Info log when linking program containing VS minecraft:core/item and FS minecraft:core/item. Log output: WARNING: Could not find vertex shader attribute 'UV1' to match BindAttributeLocation request.

[30Sep2026 12:09:31.057] [Render thread/INFO] [com.mojang.blaze3d.opengl.GlProgram/]: Info log when linking program containing VS minecraft:core/entity and FS minecraft:core/entity. Log output: WARNING: Could not find vertex shader attribute 'Normal' to match BindAttributeLocation request.

[30Sep2026 12:09:31.061] [Render thread/INFO] [com.mojang.blaze3d.opengl.GlProgram/]: Info log when linking program containing VS minecraft:core/item and FS minecraft:core/item. Log output: WARNING: Could not find vertex shader attribute 'UV1' to match BindAttributeLocation request.

[30Sep2026 12:09:31.069] [Render thread/INFO] [com.mojang.blaze3d.opengl.GlProgram/]: Info log when linking program containing VS minecraft:core/rendertype_beacon_beam and FS minecraft:core/rendertype_beacon_beam. Log output: WARNING: Could not find vertex shader attribute 'UV2' to match BindAttributeLocation request.

[30Sep2026 12:09:31.073] [Render thread/INFO] [com.mojang.blaze3d.opengl.GlProgram/]: Info log when linking program containing VS minecraft:core/rendertype_text_background_see_through and FS minecraft:core/rendertype_text_background_see_through. Log output: WARNING: Could not find vertex shader attribute 'UV2' to match BindAttributeLocation request.

[30Sep2026 12:09:31.078] [Render thread/INFO] [com.mojang.blaze3d.opengl.GlProgram/]: Info log when linking program containing VS minecraft:core/entity and FS minecraft:core/entity. Log output: WARNING: Could not find vertex shader attribute 'UV1' to match BindAttributeLocation request.
WARNING: Could not find vertex shader attribute 'Normal' to match BindAttributeLocation request.
WARNING: Could not find vertex shader attribute 'UV2' to match BindAttributeLocation request.

[30Sep2026 12:09:31.080] [Render thread/INFO] [com.mojang.blaze3d.opengl.GlProgram/]: Info log when linking program containing VS minecraft:core/entity and FS minecraft:core/entity. Log output: WARNING: Could not find vertex shader attribute 'UV1' to match BindAttributeLocation request.
WARNING: Could not find vertex shader attribute 'Normal' to match BindAttributeLocation request.

[30Sep2026 12:09:31.089] [Render thread/INFO] [com.mojang.blaze3d.opengl.GlProgram/]: Info log when linking program containing VS minecraft:core/entity and FS minecraft:core/entity. Log output: WARNING: Could not find vertex shader attribute 'UV1' to match BindAttributeLocation request.

[30Sep2026 12:09:31.090] [Render thread/INFO] [com.mojang.blaze3d.opengl.GlProgram/]: Info log when linking program containing VS minecraft:core/entity and FS minecraft:core/entity. Log output: WARNING: Could not find vertex shader attribute 'UV1' to match BindAttributeLocation request.

[30Sep2026 12:09:31.094] [Render thread/INFO] [com.mojang.blaze3d.opengl.GlProgram/]: Info log when linking program containing VS neoforge:core/item_unlit and FS minecraft:core/item. Log output: WARNING: Could not find vertex shader attribute 'UV1' to match BindAttributeLocation request.
WARNING: Could not find vertex shader attribute 'Normal' to match BindAttributeLocation request.
WARNING: Could not find vertex shader attribute 'UV2' to match BindAttributeLocation request.

[30Sep2026 12:09:31.098] [Render thread/INFO] [com.mojang.blaze3d.opengl.GlProgram/]: Info log when linking program containing VS minecraft:core/rendertype_beacon_beam and FS minecraft:core/rendertype_beacon_beam. Log output: WARNING: Could not find vertex shader attribute 'UV2' to match BindAttributeLocation request.

[30Sep2026 12:09:31.103] [Render thread/INFO] [com.mojang.blaze3d.opengl.GlProgram/]: Info log when linking program containing VS minecraft:core/entity and FS minecraft:core/entity. Log output: WARNING: Could not find vertex shader attribute 'UV1' to match BindAttributeLocation request.

[30Sep2026 12:09:31.105] [Render thread/INFO] [com.mojang.blaze3d.opengl.GlProgram/]: Info log when linking program containing VS minecraft:core/entity and FS minecraft:core/entity. Log output: WARNING: Could not find vertex shader attribute 'UV1' to match BindAttributeLocation request.
WARNING: Could not find vertex shader attribute 'Normal' to match BindAttributeLocation request.
WARNING: Could not find vertex shader attribute 'UV2' to match BindAttributeLocation request.

[30Sep2026 12:09:31.108] [Render thread/INFO] [com.mojang.blaze3d.opengl.GlProgram/]: Info log when linking program containing VS minecraft:core/entity and FS minecraft:core/entity. Log output: WARNING: Could not find vertex shader attribute 'UV2' to match BindAttributeLocation request.

[30Sep2026 12:09:31.110] [Render thread/INFO] [com.mojang.blaze3d.opengl.GlProgram/]: Info log when linking program containing VS minecraft:core/rendertype_crumbling and FS minecraft:core/rendertype_crumbling. Log output: WARNING: Could not find vertex shader attribute 'UV2' to match BindAttributeLocation request.

[30Sep2026 12:09:31.174] [Render thread/INFO] [com.mojang.blaze3d.audio.Library/]: OpenAL initialized on device MacBook Pro Speakers
[30Sep2026 12:09:31.174] [Render thread/INFO] [net.minecraft.client.sounds.SoundEngine/SOUNDS]: Sound engine started
[30Sep2026 12:09:31.174] [Render thread/INFO] [net.minecraft.client.renderer.texture.TextureAtlas/]: Created: 512x256x0 minecraft:textures/atlas/particles.png-atlas
[30Sep2026 12:09:31.177] [Render thread/INFO] [net.minecraft.client.renderer.texture.TextureAtlas/]: Created: 128x128x0 minecraft:textures/atlas/decorated_pot.png-atlas
[30Sep2026 12:09:31.181] [Render thread/INFO] [net.minecraft.client.renderer.texture.TextureAtlas/]: Created: 2048x1024x0 minecraft:textures/atlas/armor_trims.png-atlas
[30Sep2026 12:09:31.189] [Render thread/INFO] [net.minecraft.client.renderer.texture.TextureAtlas/]: Created: 512x256x0 minecraft:textures/atlas/paintings.png-atlas
[30Sep2026 12:09:31.190] [Render thread/INFO] [net.minecraft.client.renderer.texture.TextureAtlas/]: Created: 1024x512x0 minecraft:textures/atlas/shield_patterns.png-atlas
[30Sep2026 12:09:31.191] [Render thread/INFO] [net.minecraft.client.renderer.texture.TextureAtlas/]: Created: 2048x2048x4 minecraft:textures/atlas/blocks.png-atlas
[30Sep2026 12:09:31.224] [Render thread/INFO] [net.minecraft.client.renderer.texture.TextureAtlas/]: Created: 512x512x0 minecraft:textures/atlas/chest.png-atlas
[30Sep2026 12:09:31.224] [Render thread/INFO] [net.minecraft.client.renderer.texture.TextureAtlas/]: Created: 256x128x0 minecraft:textures/atlas/celestials.png-atlas
[30Sep2026 12:09:31.225] [Render thread/INFO] [net.minecraft.client.renderer.texture.TextureAtlas/]: Created: 1024x512x0 minecraft:textures/atlas/banner_patterns.png-atlas
[30Sep2026 12:09:31.226] [Render thread/INFO] [net.minecraft.client.renderer.texture.TextureAtlas/]: Created: 512x512x0 minecraft:textures/atlas/beds.png-atlas
[30Sep2026 12:09:31.226] [Render thread/INFO] [net.minecraft.client.renderer.texture.TextureAtlas/]: Created: 1024x512x0 minecraft:textures/atlas/items.png-atlas
[30Sep2026 12:09:31.233] [Render thread/INFO] [net.minecraft.client.renderer.texture.TextureAtlas/]: Created: 1024x1024x0 minecraft:textures/atlas/gui.png-atlas
[30Sep2026 12:09:31.238] [Render thread/INFO] [net.minecraft.client.renderer.texture.TextureAtlas/]: Created: 128x64x0 minecraft:textures/atlas/map_decorations.png-atlas
[30Sep2026 12:09:31.239] [Render thread/INFO] [net.minecraft.client.renderer.texture.TextureAtlas/]: Created: 512x256x0 minecraft:textures/atlas/signs.png-atlas
[30Sep2026 12:09:31.239] [Render thread/INFO] [net.minecraft.client.renderer.texture.TextureAtlas/]: Created: 512x512x0 minecraft:textures/atlas/shulker_boxes.png-atlas
[30Sep2026 12:09:31.277] [Render thread/INFO] [net.neoforged.neoforge.client.entity.animation.json.AnimationLoader/]: Loaded 0 entity animations
[30Sep2026 12:09:40.350] [Render thread/INFO] [net.minecraft.client.gui.screens.ConnectScreen/]: Connecting to sucraft.org, 25566
[30Sep2026 12:10:09.450] [Render thread/INFO] [net.minecraft.client.Minecraft/]: Stopping!
